#,Date-Time (PST),Ch: 1 - Temperature   (°C),Ch: 2 - RH   (%),Dew Point   (°C),Host Connected,End of File
1,06/16/2021 16:00:00,27.28,29.50,7.96,,
2,06/16/2021 16:30:00,27.42,29.22,7.94,,
3,06/16/2021 17:00:00,27.81,28.12,7.70,,
4,06/16/2021 17:30:00,27.97,27.09,7.30,,
5,06/16/2021 18:00:00,28.11,28.44,8.13,,
6,06/16/2021 18:30:00,28.58,39.85,13.62,,
7,06/16/2021 19:00:00,28.09,29.22,8.51,,
8,06/16/2021 19:30:00,26.83,30.26,7.94,,
9,06/16/2021 20:00:00,25.45,28.67,5.97,,
10,06/16/2021 20:30:00,24.25,25.40,3.21,,
11,06/16/2021 21:00:00,23.26,23.23,1.13,,
12,06/16/2021 21:30:00,23.24,48.85,11.90,,
13,06/16/2021 22:00:00,26.11,43.98,12.92,,
14,06/16/2021 22:30:00,26.42,20.78,2.21,,
15,06/16/2021 23:00:00,24.41,28.66,5.07,,
16,06/16/2021 23:30:00,25.59,30.36,6.92,,
17,06/17/2021 00:00:00,25.95,20.08,1.34,,
18,06/17/2021 00:30:00,24.57,27.31,4.52,,
19,06/17/2021 01:00:00,25.72,27.41,5.55,,
20,06/17/2021 01:30:00,25.68,19.43,0.66,,
21,06/17/2021 02:00:00,24.80,26.27,4.16,,
22,06/17/2021 02:30:00,25.74,23.79,3.54,,
23,06/17/2021 03:00:00,25.33,22.44,2.38,,
24,06/17/2021 03:30:00,25.18,23.80,3.08,,
25,06/17/2021 04:00:00,25.59,21.89,2.24,,
26,06/17/2021 04:30:00,25.27,22.59,2.42,,
27,06/17/2021 05:00:00,25.43,21.75,2.02,,
28,06/17/2021 05:30:00,25.45,20.81,1.42,,
29,06/17/2021 06:00:00,25.42,20.89,1.45,,
30,06/17/2021 06:30:00,25.44,21.32,1.75,,
31,06/17/2021 07:00:00,25.45,20.59,1.27,,
32,06/17/2021 07:30:00,25.46,20.91,1.49,,
33,06/17/2021 08:00:00,25.43,20.51,1.20,,
34,06/17/2021 08:30:00,25.44,20.32,1.08,,
35,06/17/2021 09:00:00,25.47,19.62,0.62,,
36,06/17/2021 09:30:00,25.60,19.27,0.47,,
37,06/17/2021 10:00:00,25.21,22.93,2.58,,
38,06/17/2021 10:30:00,23.20,19.02,-1.67,,
39,06/17/2021 11:00:00,24.05,26.23,3.50,,
40,06/17/2021 11:30:00,22.81,21.71,-0.18,,
41,06/17/2021 12:00:00,21.62,23.43,-0.13,,
42,06/17/2021 12:30:00,20.95,22.40,-1.30,,
43,06/17/2021 13:00:00,21.47,21.75,-1.28,,
44,06/17/2021 13:30:00,22.04,21.23,-1.13,,
45,06/17/2021 14:00:00,21.75,21.83,-0.99,,
46,06/17/2021 14:30:00,21.14,21.49,-1.72,,
47,06/17/2021 15:00:00,21.09,22.65,-1.04,,
48,06/17/2021 15:30:00,21.60,21.96,-1.04,,
49,06/17/2021 16:00:00,21.87,22.15,-0.69,,
50,06/17/2021 16:30:00,21.37,22.27,-1.03,,
51,06/17/2021 17:00:00,21.02,21.29,-1.94,,
52,06/17/2021 17:30:00,21.23,22.30,-1.13,,
53,06/17/2021 18:00:00,21.62,22.64,-0.60,,
54,06/17/2021 18:30:00,21.60,21.52,-1.32,,
55,06/17/2021 19:00:00,21.15,20.98,-2.03,,
56,06/17/2021 19:30:00,21.13,20.53,-2.34,,
57,06/17/2021 20:00:00,21.59,20.16,-2.20,,
58,06/17/2021 20:30:00,21.73,19.84,-2.31,,
59,06/17/2021 21:00:00,21.24,21.01,-1.93,,
60,06/17/2021 21:30:00,21.37,38.27,6.59,,
61,06/17/2021 22:00:00,25.27,74.40,20.41,,
62,06/17/2021 22:30:00,26.04,27.94,6.10,,
63,06/17/2021 23:00:00,23.07,23.60,1.18,,
64,06/17/2021 23:30:00,24.16,38.19,9.04,,
65,06/18/2021 00:00:00,25.93,26.80,5.40,,
66,06/18/2021 00:30:00,23.52,22.69,1.02,,
67,06/18/2021 01:00:00,23.86,31.61,6.01,,
68,06/18/2021 01:30:00,25.89,28.79,6.41,,
69,06/18/2021 02:00:00,23.94,22.04,0.96,,
70,06/18/2021 02:30:00,23.49,29.09,4.49,,
71,06/18/2021 03:00:00,25.65,29.42,6.51,,
72,06/18/2021 03:30:00,24.39,23.81,2.42,,
73,06/18/2021 04:00:00,23.24,27.80,3.63,,
74,06/18/2021 04:30:00,25.50,30.78,7.04,,
75,06/18/2021 05:00:00,24.74,22.47,1.90,,
76,06/18/2021 05:30:00,23.10,25.82,2.47,,
77,06/18/2021 06:00:00,25.27,27.88,5.41,,
78,06/18/2021 06:30:00,25.04,23.09,2.54,,
79,06/18/2021 07:00:00,23.16,26.16,2.71,,
80,06/18/2021 07:30:00,25.12,28.18,5.43,,
81,06/18/2021 08:00:00,25.27,23.02,2.68,,
82,06/18/2021 08:30:00,23.17,24.90,2.02,,
83,06/18/2021 09:00:00,24.92,27.57,4.95,,
84,06/18/2021 09:30:00,25.60,21.18,1.79,,
85,06/18/2021 10:00:00,23.92,18.34,-1.57,,
86,06/18/2021 10:30:00,22.32,18.55,-2.73,,
87,06/18/2021 11:00:00,21.08,18.58,-3.72,,
88,06/18/2021 11:30:00,22.32,42.17,8.86,,
89,06/18/2021 12:00:00,24.85,24.22,3.05,,
90,06/18/2021 12:30:00,23.66,26.91,3.53,,
91,06/18/2021 13:00:00,24.03,26.15,3.44,,
92,06/18/2021 13:30:00,24.39,23.92,2.48,,
93,06/18/2021 14:00:00,23.84,24.28,2.23,,
94,06/18/2021 14:30:00,23.94,24.41,2.39,,
95,06/18/2021 15:00:00,24.21,23.11,1.85,,
96,06/18/2021 15:30:00,24.08,25.82,3.30,,
97,06/18/2021 16:00:00,23.95,23.67,1.97,,
98,06/18/2021 16:30:00,24.15,23.89,2.26,,
99,06/18/2021 17:00:00,24.17,23.35,1.97,,
100,06/18/2021 17:30:00,24.00,23.37,1.83,,
101,06/18/2021 18:00:00,24.06,22.68,1.47,,
102,06/18/2021 18:30:00,24.11,24.05,2.33,,
103,06/18/2021 19:00:00,24.05,22.83,1.55,,
104,06/18/2021 19:30:00,24.09,22.46,1.35,,
105,06/18/2021 20:00:00,24.05,21.54,0.74,,
106,06/18/2021 20:30:00,24.04,20.94,0.34,,
107,06/18/2021 21:00:00,24.05,20.89,0.32,,
108,06/18/2021 21:30:00,23.96,32.19,6.36,,
109,06/18/2021 22:00:00,25.47,32.55,7.83,,
110,06/18/2021 22:30:00,25.77,20.93,1.76,,
111,06/18/2021 23:00:00,24.71,27.60,4.78,,
112,06/18/2021 23:30:00,25.40,25.28,4.13,,
113,06/19/2021 00:00:00,25.46,24.67,3.82,,
114,06/19/2021 00:30:00,24.93,26.68,4.49,,
115,06/19/2021 01:00:00,25.44,24.94,3.96,,
116,06/19/2021 01:30:00,25.37,23.92,3.31,,
117,06/19/2021 02:00:00,24.97,25.77,4.02,,
118,06/19/2021 02:30:00,25.44,23.82,3.31,,
119,06/19/2021 03:00:00,25.30,23.35,2.91,,
120,06/19/2021 03:30:00,25.08,24.33,3.31,,
121,06/19/2021 04:00:00,25.40,22.41,2.42,,
122,06/19/2021 04:30:00,25.22,22.35,2.23,,
123,06/19/2021 05:00:00,25.17,22.96,2.56,,
124,06/19/2021 05:30:00,25.35,21.74,1.95,,
125,06/19/2021 06:00:00,25.21,22.98,2.61,,
126,06/19/2021 06:30:00,25.28,21.39,1.66,,
127,06/19/2021 07:00:00,25.28,21.63,1.81,,
128,06/19/2021 07:30:00,25.29,21.80,1.93,,
129,06/19/2021 08:00:00,25.27,21.37,1.64,,
130,06/19/2021 08:30:00,25.31,21.88,2.00,,
131,06/19/2021 09:00:00,25.30,20.67,1.20,,
132,06/19/2021 09:30:00,25.50,18.69,-0.02,,
133,06/19/2021 10:00:00,24.93,15.84,-2.74,,
134,06/19/2021 10:30:00,23.58,18.70,-1.58,,
135,06/19/2021 11:00:00,24.13,16.80,-2.59,,
136,06/19/2021 11:30:00,24.21,15.12,-3.94,,
137,06/19/2021 12:00:00,23.45,21.14,-0.01,,
138,06/19/2021 12:30:00,21.90,20.97,-1.42,,
139,06/19/2021 13:00:00,22.65,21.82,-0.25,,
140,06/19/2021 13:30:00,23.11,20.75,-0.55,,
141,06/19/2021 14:00:00,22.18,19.54,-2.14,,
142,06/19/2021 14:30:00,22.09,21.85,-0.69,,
143,06/19/2021 15:00:00,22.83,21.11,-0.55,,
144,06/19/2021 15:30:00,22.64,20.94,-0.82,,
145,06/19/2021 16:00:00,21.97,21.72,-0.88,,
146,06/19/2021 16:30:00,22.50,21.01,-0.89,,
147,06/19/2021 17:00:00,22.81,20.59,-0.91,,
148,06/19/2021 17:30:00,22.32,19.69,-1.92,,
149,06/19/2021 18:00:00,22.18,20.09,-1.77,,
150,06/19/2021 18:30:00,22.64,20.25,-1.28,,
151,06/19/2021 19:00:00,22.63,19.38,-1.89,,
152,06/19/2021 19:30:00,22.27,19.43,-2.14,,
153,06/19/2021 20:00:00,22.46,20.01,-1.59,,
154,06/19/2021 20:30:00,22.71,20.16,-1.28,,
155,06/19/2021 21:00:00,22.51,18.70,-2.47,,
156,06/19/2021 21:30:00,22.82,26.80,2.75,,
157,06/19/2021 22:00:00,25.58,30.10,6.78,,
158,06/19/2021 22:30:00,24.74,21.60,1.35,,
159,06/19/2021 23:00:00,24.47,25.85,3.65,,
160,06/19/2021 23:30:00,25.18,23.62,2.97,,
161,06/20/2021 00:00:00,24.76,23.13,2.32,,
162,06/20/2021 00:30:00,24.92,24.34,3.18,,
163,06/20/2021 01:00:00,24.98,23.70,2.85,,
164,06/20/2021 01:30:00,24.94,22.77,2.26,,
165,06/20/2021 02:00:00,24.97,23.43,2.68,,
166,06/20/2021 02:30:00,24.95,23.05,2.44,,
167,06/20/2021 03:00:00,24.97,22.57,2.15,,
168,06/20/2021 03:30:00,24.98,22.77,2.29,,
169,06/20/2021 04:00:00,24.98,22.54,2.14,,
170,06/20/2021 04:30:00,24.99,22.71,2.26,,
171,06/20/2021 05:00:00,24.97,22.41,2.05,,
172,06/20/2021 05:30:00,24.99,22.33,2.02,,
173,06/20/2021 06:00:00,25.02,22.24,1.99,,
174,06/20/2021 06:30:00,24.97,21.60,1.54,,
175,06/20/2021 07:00:00,24.99,21.91,1.75,,
176,06/20/2021 07:30:00,25.02,22.06,1.88,,
177,06/20/2021 08:00:00,25.02,21.07,1.23,,
178,06/20/2021 08:30:00,25.03,21.08,1.25,,
179,06/20/2021 09:00:00,25.02,20.78,1.05,,
180,06/20/2021 09:30:00,25.15,18.45,-0.49,,
181,06/20/2021 10:00:00,23.82,17.12,-2.59,,
182,06/20/2021 10:30:00,21.96,20.91,-1.40,,
183,06/20/2021 11:00:00,25.15,36.91,9.41,,
184,06/20/2021 11:30:00,25.40,13.34,-4.65,,
185,06/20/2021 12:00:00,24.58,11.35,-7.40,,
186,06/20/2021 12:30:00,24.03,13.37,-5.70,,
187,06/20/2021 13:00:00,24.85,12.28,-6.17,,
188,06/20/2021 13:30:00,25.28,9.86,-8.69,,
189,06/20/2021 14:00:00,24.45,9.52,-9.76,,
190,06/20/2021 14:30:00,24.12,12.17,-6.86,,
191,06/20/2021 15:00:00,24.93,10.77,-7.81,,
192,06/20/2021 15:30:00,25.19,8.71,-10.32,,
193,06/20/2021 16:00:00,24.34,8.92,-10.66,,
194,06/20/2021 16:30:00,24.20,11.07,-8.02,,
195,06/20/2021 17:00:00,24.95,10.26,-8.42,,
196,06/20/2021 17:30:00,25.16,8.07,-11.30,,
197,06/20/2021 18:00:00,24.29,8.46,-11.36,,
198,06/20/2021 18:30:00,24.19,10.84,-8.29,,
199,06/20/2021 19:00:00,25.05,9.37,-9.50,,
200,06/20/2021 19:30:00,25.12,7.47,-12.29,,
201,06/20/2021 20:00:00,24.21,8.65,-11.14,,
202,06/20/2021 20:30:00,24.33,11.39,-7.55,,
203,06/20/2021 21:00:00,25.14,9.04,-9.89,,
204,06/20/2021 21:30:00,24.93,12.76,-5.61,,
205,06/20/2021 22:00:00,26.11,41.50,12.03,,
206,06/20/2021 22:30:00,27.09,13.71,-2.96,,
207,06/20/2021 23:00:00,26.01,16.48,-1.34,,
208,06/20/2021 23:30:00,26.42,16.33,-1.13,,
209,06/21/2021 00:00:00,26.69,11.17,-5.99,,
210,06/21/2021 00:30:00,26.27,12.87,-4.44,,
211,06/21/2021 01:00:00,26.52,13.32,-3.80,,
212,06/21/2021 01:30:00,26.60,11.00,-6.26,,
213,06/21/2021 02:00:00,26.37,11.77,-5.55,,
214,06/21/2021 02:30:00,26.48,11.25,-6.06,,
215,06/21/2021 03:00:00,26.48,11.19,-6.13,,
216,06/21/2021 03:30:00,26.45,11.19,-6.15,,
217,06/21/2021 04:00:00,26.46,11.17,-6.16,,
218,06/21/2021 04:30:00,26.49,11.09,-6.24,,
219,06/21/2021 05:00:00,26.46,10.95,-6.43,,
220,06/21/2021 05:30:00,26.47,11.05,-6.30,,
221,06/21/2021 06:00:00,26.47,10.82,-6.57,,
222,06/21/2021 06:30:00,26.47,11.11,-6.24,,
223,06/21/2021 07:00:00,26.46,10.84,-6.56,,
224,06/21/2021 07:30:00,26.50,10.79,-6.59,,
225,06/21/2021 08:00:00,26.49,10.84,-6.53,,
226,06/21/2021 08:30:00,26.46,10.77,-6.65,,
227,06/21/2021 09:00:00,26.47,10.79,-6.61,,
228,06/21/2021 09:30:00,26.62,9.45,-8.21,,
229,06/21/2021 10:00:00,26.15,7.16,-12.06,,
230,06/21/2021 10:30:00,24.73,35.37,8.41,,
231,06/21/2021 11:00:00,25.05,18.34,-0.65,,
232,06/21/2021 11:30:00,25.39,11.30,-6.83,,
233,06/21/2021 12:00:00,25.05,12.05,-6.26,,
234,06/21/2021 12:30:00,25.23,11.07,-7.23,,
235,06/21/2021 13:00:00,25.21,10.96,-7.37,,
236,06/21/2021 13:30:00,25.25,10.50,-7.89,,
237,06/21/2021 14:00:00,25.27,10.40,-8.01,,
238,06/21/2021 14:30:00,25.25,10.56,-7.82,,
239,06/21/2021 15:00:00,25.28,10.15,-8.31,,
240,06/21/2021 15:30:00,25.24,10.17,-8.31,,
241,06/21/2021 16:00:00,25.24,9.99,-8.53,,
242,06/21/2021 16:30:00,25.24,9.99,-8.53,,
243,06/21/2021 17:00:00,25.24,10.43,-7.98,,
244,06/21/2021 17:30:00,25.27,9.98,-8.54,,
245,06/21/2021 18:00:00,25.29,9.87,-8.66,,
246,06/21/2021 18:30:00,25.28,9.89,-8.64,,
247,06/21/2021 19:00:00,25.25,10.22,-8.24,,
248,06/21/2021 19:30:00,25.24,10.10,-8.40,,
249,06/21/2021 20:00:00,25.21,10.24,-8.25,,
250,06/21/2021 20:30:00,25.23,10.24,-8.23,,
251,06/21/2021 21:00:00,25.23,10.35,-8.10,,
252,06/21/2021 21:30:00,25.31,30.91,6.94,,
253,06/21/2021 22:00:00,27.08,31.15,8.58,,
254,06/21/2021 22:30:00,26.69,16.09,-1.11,,
255,06/21/2021 23:00:00,26.62,17.61,0.06,,
256,06/21/2021 23:30:00,26.70,16.14,-1.06,,
257,06/22/2021 00:00:00,26.73,15.46,-1.63,,
258,06/22/2021 00:30:00,26.70,14.92,-2.13,,
259,06/22/2021 01:00:00,26.70,14.84,-2.21,,
260,06/22/2021 01:30:00,26.69,14.58,-2.45,,
261,06/22/2021 02:00:00,26.70,14.32,-2.68,,
262,06/22/2021 02:30:00,26.69,14.74,-2.30,,
263,06/22/2021 03:00:00,26.72,14.88,-2.15,,
264,06/22/2021 03:30:00,26.72,14.87,-2.16,,
265,06/22/2021 04:00:00,26.70,14.73,-2.31,,
266,06/22/2021 04:30:00,26.71,14.66,-2.36,,
267,06/22/2021 05:00:00,26.70,14.46,-2.56,,
268,06/22/2021 05:30:00,26.68,14.42,-2.61,,
269,06/22/2021 06:00:00,26.69,14.44,-2.58,,
270,06/22/2021 06:30:00,26.73,14.41,-2.58,,
271,06/22/2021 07:00:00,26.69,14.39,-2.62,,
272,06/22/2021 07:30:00,26.69,14.39,-2.62,,
273,06/22/2021 08:00:00,26.73,14.34,-2.64,,
274,06/22/2021 08:30:00,26.70,14.40,-2.61,,
275,06/22/2021 09:00:00,26.71,14.38,-2.62,,
276,06/22/2021 09:30:00,26.82,13.66,-3.22,,
277,06/22/2021 10:00:00,25.52,10.64,-7.52,,
278,06/22/2021 10:30:00,25.28,23.48,2.97,,
279,06/22/2021 11:00:00,24.78,14.29,-4.23,,
280,06/22/2021 11:30:00,24.44,14.32,-4.48,,
281,06/22/2021 12:00:00,24.88,13.20,-5.20,,
282,06/22/2021 12:30:00,24.79,13.02,-5.45,,
283,06/22/2021 13:00:00,24.65,12.89,-5.69,,
284,06/22/2021 13:30:00,24.77,12.74,-5.76,,
285,06/22/2021 14:00:00,24.78,12.59,-5.90,,
286,06/22/2021 14:30:00,24.78,12.34,-6.16,,
287,06/22/2021 15:00:00,24.76,12.48,-6.03,,
288,06/22/2021 15:30:00,24.80,12.34,-6.14,,
289,06/22/2021 16:00:00,24.79,12.18,-6.32,,
290,06/22/2021 16:30:00,24.76,11.94,-6.60,,
291,06/22/2021 17:00:00,24.78,11.85,-6.69,,
292,06/22/2021 17:30:00,24.79,11.76,-6.78,,
293,06/22/2021 18:00:00,24.78,11.78,-6.77,,
294,06/22/2021 18:30:00,24.77,12.06,-6.47,,
295,06/22/2021 19:00:00,24.77,11.94,-6.60,,
296,06/22/2021 19:30:00,24.77,11.83,-6.72,,
297,06/22/2021 20:00:00,24.76,11.82,-6.74,,
298,06/22/2021 20:30:00,24.79,11.48,-7.09,,
299,06/22/2021 21:00:00,24.77,11.64,-6.93,,
300,06/22/2021 21:30:00,24.82,25.01,3.47,,
301,06/22/2021 22:00:00,26.38,28.27,6.56,,
302,06/22/2021 22:30:00,26.49,16.15,-1.23,,
303,06/22/2021 23:00:00,25.91,18.84,0.42,,
304,06/22/2021 23:30:00,26.38,17.28,-0.39,,
305,06/23/2021 00:00:00,26.26,15.63,-1.85,,
306,06/23/2021 00:30:00,26.18,16.49,-1.19,,
307,06/23/2021 01:00:00,26.26,16.05,-1.49,,
308,06/23/2021 01:30:00,26.31,15.69,-1.77,,
309,06/23/2021 02:00:00,26.26,15.67,-1.82,,
310,06/23/2021 02:30:00,26.28,15.54,-1.91,,
311,06/23/2021 03:00:00,26.27,15.43,-2.02,,
312,06/23/2021 03:30:00,26.30,15.40,-2.03,,
313,06/23/2021 04:00:00,26.31,15.35,-2.06,,
314,06/23/2021 04:30:00,26.28,15.42,-2.02,,
315,06/23/2021 05:00:00,26.30,15.32,-2.09,,
316,06/23/2021 05:30:00,26.26,15.40,-2.05,,
317,06/23/2021 06:00:00,26.26,15.37,-2.08,,
318,06/23/2021 06:30:00,26.30,15.37,-2.05,,
319,06/23/2021 07:00:00,26.25,15.34,-2.12,,
320,06/23/2021 07:30:00,26.27,15.23,-2.20,,
321,06/23/2021 08:00:00,26.30,15.29,-2.12,,
322,06/23/2021 08:30:00,26.28,15.34,-2.09,,
323,06/23/2021 09:00:00,26.31,15.28,-2.13,,
324,06/23/2021 09:30:00,26.47,14.22,-2.97,,
325,06/23/2021 10:00:00,25.87,22.73,3.00,,
326,06/23/2021 10:30:00,25.28,14.22,-3.90,,
327,06/23/2021 11:00:00,24.21,16.00,-3.18,,
328,06/23/2021 11:30:00,24.36,19.06,-0.68,,
329,06/23/2021 12:00:00,25.23,16.20,-2.19,,
330,06/23/2021 12:30:00,25.14,13.96,-4.26,,
331,06/23/2021 13:00:00,24.25,13.84,-5.08,,
332,06/23/2021 13:30:00,24.32,17.12,-2.18,,
333,06/23/2021 14:00:00,25.04,14.98,-3.40,,
334,06/23/2021 14:30:00,25.13,12.66,-5.56,,
335,06/23/2021 15:00:00,24.36,13.52,-5.29,,
336,06/23/2021 15:30:00,24.23,15.46,-3.62,,
337,06/23/2021 16:00:00,24.93,14.52,-3.90,,
338,06/23/2021 16:30:00,25.15,12.39,-5.83,,
339,06/23/2021 17:00:00,24.45,13.22,-5.52,,
340,06/23/2021 17:30:00,24.17,16.04,-3.18,,
341,06/23/2021 18:00:00,24.75,15.57,-3.11,,
342,06/23/2021 18:30:00,25.14,14.20,-4.04,,
343,06/23/2021 19:00:00,24.55,12.85,-5.82,,
344,06/23/2021 19:30:00,24.14,16.12,-3.13,,
345,06/23/2021 20:00:00,24.75,16.58,-2.26,,
346,06/23/2021 20:30:00,25.22,13.53,-4.61,,
347,06/23/2021 21:00:00,24.65,12.41,-6.19,,
348,06/23/2021 21:30:00,23.99,38.40,8.97,,
349,06/23/2021 22:00:00,26.21,44.71,13.26,,
350,06/23/2021 22:30:00,26.68,18.81,1.03,,
351,06/23/2021 23:00:00,25.27,25.71,4.25,,
352,06/23/2021 23:30:00,26.11,28.13,6.26,,
353,06/24/2021 00:00:00,26.48,16.08,-1.29,,
354,06/24/2021 00:30:00,25.61,20.65,1.44,,
355,06/24/2021 01:00:00,26.11,21.30,2.29,,
356,06/24/2021 01:30:00,26.22,16.26,-1.35,,
357,06/24/2021 02:00:00,25.83,18.60,0.18,,
358,06/24/2021 02:30:00,26.05,17.64,-0.37,,
359,06/24/2021 03:00:00,26.05,16.72,-1.10,,
360,06/24/2021 03:30:00,25.97,16.43,-1.41,,
361,06/24/2021 04:00:00,26.02,16.24,-1.53,,
362,06/24/2021 04:30:00,26.01,16.31,-1.48,,
363,06/24/2021 05:00:00,26.01,16.17,-1.60,,
364,06/24/2021 05:30:00,26.01,16.21,-1.56,,
365,06/24/2021 06:00:00,25.99,16.45,-1.37,,
366,06/24/2021 06:30:00,26.01,16.18,-1.59,,
367,06/24/2021 07:00:00,26.01,16.72,-1.14,,
368,06/24/2021 07:30:00,26.01,15.84,-1.87,,
369,06/24/2021 08:00:00,26.03,16.17,-1.58,,
370,06/24/2021 08:30:00,26.01,16.38,-1.42,,
371,06/24/2021 09:00:00,25.97,15.94,-1.82,,
372,06/24/2021 09:30:00,25.32,30.51,6.76,,
373,06/24/2021 10:00:00,25.32,28.69,5.87,,
374,06/24/2021 10:30:00,25.22,29.33,6.10,,
375,06/24/2021 11:00:00,25.64,43.37,12.28,,
376,06/24/2021 11:30:00,25.67,46.30,13.31,,
377,06/24/2021 12:00:00,25.37,46.91,13.23,,
378,06/24/2021 12:30:00,25.65,46.38,13.31,,
379,06/24/2021 13:00:00,25.71,44.94,12.88,,
380,06/24/2021 13:30:00,25.60,44.54,12.64,,
381,06/24/2021 14:00:00,25.46,44.34,12.45,,
382,06/24/2021 14:30:00,25.53,44.21,12.48,,
383,06/24/2021 15:00:00,25.42,44.38,12.43,,
384,06/24/2021 15:30:00,25.33,47.42,13.36,,
385,06/24/2021 16:00:00,25.93,44.30,12.86,,
386,06/24/2021 16:30:00,26.28,43.55,12.92,,
387,06/24/2021 17:00:00,26.55,42.12,12.65,,
388,06/24/2021 17:30:00,26.25,42.15,12.40,,
389,06/24/2021 18:00:00,25.40,42.73,11.84,,
390,06/24/2021 18:30:00,25.31,42.41,11.64,,
391,06/24/2021 19:00:00,25.30,42.55,11.68,,
392,06/24/2021 19:30:00,25.19,42.90,11.71,,
393,06/24/2021 20:00:00,25.21,42.53,11.59,,
394,06/24/2021 20:30:00,25.19,42.77,11.66,,
395,06/24/2021 21:00:00,25.21,42.56,11.61,,
396,06/24/2021 21:30:00,25.22,42.51,11.60,,
397,06/24/2021 22:00:00,25.19,42.96,11.73,,
398,06/24/2021 22:30:00,25.20,43.06,11.77,,
399,06/24/2021 23:00:00,25.21,43.29,11.86,,
400,06/24/2021 23:30:00,25.21,43.82,12.05,,
401,06/25/2021 00:00:00,25.18,44.12,12.12,,
402,06/25/2021 00:30:00,25.22,44.29,12.22,,
403,06/25/2021 01:00:00,25.18,43.98,12.08,,
404,06/25/2021 01:30:00,25.19,43.23,11.82,,
405,06/25/2021 02:00:00,25.18,42.73,11.64,,
406,06/25/2021 02:30:00,25.17,42.68,11.61,,
407,06/25/2021 03:00:00,25.10,42.84,11.61,,
408,06/25/2021 03:30:00,25.08,42.74,11.56,,
409,06/25/2021 04:00:00,25.04,42.66,11.49,,
410,06/25/2021 04:30:00,25.01,42.73,11.48,,
411,06/25/2021 05:00:00,25.05,42.67,11.50,,
412,06/25/2021 05:30:00,25.00,42.59,11.42,,
413,06/25/2021 06:00:00,24.97,42.79,11.47,,
414,06/25/2021 06:30:00,24.93,42.65,11.39,,
415,06/25/2021 07:00:00,24.91,42.16,11.19,,
416,06/25/2021 07:30:00,24.89,42.16,11.17,,
417,06/25/2021 08:00:00,24.87,42.06,11.12,,
418,06/25/2021 08:30:00,24.83,42.20,11.13,,
419,06/25/2021 09:00:00,24.82,42.44,11.21,,
420,06/25/2021 09:30:00,24.78,42.86,11.33,,
421,06/25/2021 10:00:00,24.77,42.69,11.26,,
422,06/25/2021 10:30:00,24.78,42.47,11.19,,
423,06/25/2021 11:00:00,24.82,44.58,11.95,,
424,06/25/2021 11:30:00,24.82,46.06,12.45,,
425,06/25/2021 12:00:00,24.79,46.59,12.60,,
426,06/25/2021 12:30:00,24.82,47.05,12.77,,
427,06/25/2021 13:00:00,24.80,47.35,12.86,,
428,06/25/2021 13:30:00,24.83,47.33,12.87,,
429,06/25/2021 14:00:00,24.80,47.24,12.82,,
430,06/25/2021 14:30:00,24.85,47.41,12.92,,
431,06/25/2021 15:00:00,24.84,47.58,12.96,,
432,06/25/2021 15:30:00,24.84,47.49,12.93,,
433,06/25/2021 16:00:00,24.87,47.14,12.85,,
434,06/25/2021 16:30:00,24.87,47.09,12.83,,
435,06/25/2021 17:00:00,24.84,45.04,12.13,,
436,06/25/2021 17:30:00,24.87,43.71,11.70,,
437,06/25/2021 18:00:00,24.82,43.59,11.61,,
438,06/25/2021 18:30:00,24.88,43.86,11.76,,
439,06/25/2021 19:00:00,24.89,43.17,11.53,,
440,06/25/2021 19:30:00,24.90,43.39,11.62,,
441,06/25/2021 20:00:00,24.93,43.37,11.64,,
442,06/25/2021 20:30:00,24.92,43.24,11.59,,
443,06/25/2021 21:00:00,24.91,43.22,11.57,,
444,06/25/2021 21:30:00,24.95,43.43,11.68,,
445,06/25/2021 22:00:00,24.92,43.79,11.78,,
446,06/25/2021 22:30:00,24.98,43.89,11.86,,
447,06/25/2021 23:00:00,24.92,43.81,11.78,,
448,06/25/2021 23:30:00,24.91,43.91,11.81,,
449,06/26/2021 00:00:00,24.92,44.66,12.07,,
450,06/26/2021 00:30:00,24.93,45.93,12.51,,
451,06/26/2021 01:00:00,24.90,45.90,12.47,,
452,06/26/2021 01:30:00,24.91,44.72,12.09,,
453,06/26/2021 02:00:00,24.85,44.17,11.84,,
454,06/26/2021 02:30:00,24.85,43.87,11.74,,
455,06/26/2021 03:00:00,24.86,43.65,11.67,,
456,06/26/2021 03:30:00,24.82,43.51,11.58,,
457,06/26/2021 04:00:00,24.83,43.42,11.56,,
458,06/26/2021 04:30:00,24.82,43.55,11.60,,
459,06/26/2021 05:00:00,24.76,43.62,11.57,,
460,06/26/2021 05:30:00,24.77,43.56,11.56,,
461,06/26/2021 06:00:00,24.74,43.28,11.44,,
462,06/26/2021 06:30:00,24.69,43.44,11.44,,
463,06/26/2021 07:00:00,24.69,43.49,11.46,,
464,06/26/2021 07:30:00,24.69,43.44,11.44,,
465,06/26/2021 08:00:00,24.63,43.51,11.42,,
466,06/26/2021 08:30:00,24.62,43.83,11.52,,
467,06/26/2021 09:00:00,24.51,46.84,12.43,,
468,06/26/2021 09:30:00,23.85,51.26,13.20,,
469,06/26/2021 10:00:00,24.58,49.00,13.18,,
470,06/26/2021 10:30:00,24.64,49.46,13.38,,
471,06/26/2021 11:00:00,24.75,49.66,13.54,,
472,06/26/2021 11:30:00,24.71,48.75,13.22,,
473,06/26/2021 12:00:00,24.72,48.31,13.09,,
474,06/26/2021 12:30:00,24.87,48.74,13.36,,
475,06/26/2021 13:00:00,24.99,49.66,13.76,,
476,06/26/2021 13:30:00,25.00,48.28,13.33,,
477,06/26/2021 14:00:00,25.10,47.87,13.30,,
478,06/26/2021 14:30:00,25.05,47.73,13.21,,
479,06/26/2021 15:00:00,25.12,47.64,13.24,,
480,06/26/2021 15:30:00,25.05,48.45,13.44,,
481,06/26/2021 16:00:00,24.98,48.30,13.32,,
482,06/26/2021 16:14:04,,,,Logged,Logged
