SeqNo,Date,Time,Comments,Status,Termination,TEWL [g/(m2h)],CV [%],SSWL [g/(m2)],AmbT [C],AmbRH [%],Ice [mg],ProbeSer,FluxCal,BaseCal,Sensor,CapFactor,NPts,Sec/pt,Flux [g/(m2h)]...,,,,,,,,,,,,,,,,,,,,,,,,,,,,,,,,,,,,,,,,,,,,,,,,,,,,,,,,,,,,,,,,,,,,,,,,,,,,,,,,,,,,,,,,,,,,,,,,,,,,,,,,,,,,,,,,,,,,,,,,,,,,,,,,,,,,,,,,,,,,,,,,,,,,,,,,,,,,,,,,,,,,,,,,,,,,,,,
1,8/16/21,9:23:23 AM,317-1,Normal,MA|30|150|5|0.075,26.63,0.18,0,25.5,52.1,0.007,203854,0.73,-0.3684484,SOS|-93.66|0.0,0.45,62,0.51,0.4,0.64,0.88,1.29,1.85,2.63,3.41,4.3,5.32,6.39,7.42,8.42,9.5,10.6,11.61,12.58,13.54,14.52,15.43,16.23,17,17.72,18.48,19.11,19.74,20.33,20.91,21.47,21.95,22.37,22.74,23.12,23.47,23.77,24,24.25,24.49,24.74,24.89,25.09,25.26,25.41,25.56,25.69,25.8,25.89,25.98,26.1,26.21,26.27,26.37,26.43,26.54,26.56,26.6,26.62,26.64,26.66,26.64,26.65,26.68,26.68,,,,,,,,,,,,,,,,,,,,,,,,,,,,,,,,,,,,,,,,,,,,,,,,,,,,,,,,,,,,,,,,,,,,,,,,,,,,,,,,,,,,,,,,,,,,,,,,,,,,,,,,,,,,,,,,,,
2,8/16/21,9:24:15 AM,317-2,Normal,MA|30|150|5|0.075,26.23,0.28,8.32E-03,25.5,51.9,0.021,203854,0.73,-0.3684484,SOS|-93.66|0.0,0.45,86,0.51,26.58,26.42,26.27,26.1,25.94,25.86,25.77,25.69,25.58,25.53,25.48,25.44,25.44,25.47,25.59,25.66,25.8,25.9,26.06,26.2,26.37,26.57,26.68,26.84,26.95,27.11,27.2,27.25,27.33,27.35,27.36,27.4,27.4,27.43,27.47,27.52,27.53,27.54,27.56,27.56,27.55,27.55,27.55,27.49,27.47,27.48,27.47,27.37,27.35,27.35,27.38,27.34,27.31,27.32,27.29,27.24,27.19,27.16,27.11,27.05,26.99,26.96,26.92,26.86,26.9,26.84,26.82,26.78,26.75,26.73,26.65,26.61,26.59,26.52,26.49,26.43,26.37,26.32,26.26,26.25,26.2,26.2,26.22,26.19,26.15,26.13,,,,,,,,,,,,,,,,,,,,,,,,,,,,,,,,,,,,,,,,,,,,,,,,,,,,,,,,,,,,,,,,,,,,,,,,,,,,,,,,,,,,,,,,,,
3,8/16/21,9:24:58 AM,317-3,Normal,MA|30|150|5|0.075,25.53,0.27,7.95E-03,25.4,52.6,0.034,203854,0.73,-0.3684484,SOS|-93.66|0.0,0.45,71,0.51,25.86,25.92,25.94,26.01,26.02,26.09,26.18,26.23,26.3,26.32,26.35,26.38,26.4,26.42,26.47,26.52,26.58,26.65,26.69,26.75,26.77,26.79,26.84,26.8,26.79,26.78,26.79,26.79,26.73,26.74,26.74,26.73,26.65,26.61,26.6,26.58,26.53,26.52,26.48,26.47,26.45,26.39,26.39,26.34,26.26,26.22,26.11,26.1,26.04,26.02,26.02,25.97,25.99,25.95,25.91,25.86,25.8,25.77,25.76,25.72,25.7,25.64,25.65,25.6,25.53,25.51,25.51,25.52,25.47,25.48,25.44,,,,,,,,,,,,,,,,,,,,,,,,,,,,,,,,,,,,,,,,,,,,,,,,,,,,,,,,,,,,,,,,,,,,,,,,,,,,,,,,,,,,,,,,,,,,,,,,,,,,,,,,,
4,8/16/21,9:25:37 AM,317-4,Normal,MA|30|150|5|0.075,25.45,0.29,4.76E-03,25.4,52.6,0.044,203854,0.73,-0.3684484,SOS|-93.66|0.0,0.45,64,0.51,25.1,25.08,25.12,25.13,25.16,25.21,25.33,25.41,25.5,25.59,25.64,25.71,25.74,25.84,25.94,26.04,26.13,26.18,26.26,26.29,26.34,26.37,26.4,26.48,26.46,26.47,26.47,26.45,26.46,26.44,26.43,26.4,26.4,26.4,26.4,26.29,26.25,26.27,26.25,26.2,26.13,26.08,26.04,25.99,25.93,25.88,25.85,25.84,25.78,25.76,25.71,25.71,25.68,25.6,25.61,25.55,25.49,25.42,25.39,25.42,25.41,25.39,25.41,25.39,,,,,,,,,,,,,,,,,,,,,,,,,,,,,,,,,,,,,,,,,,,,,,,,,,,,,,,,,,,,,,,,,,,,,,,,,,,,,,,,,,,,,,,,,,,,,,,,,,,,,,,,,,,,,,,,
5,8/16/21,9:26:14 AM,317-5,Normal,MA|30|150|5|0.075,25.88,0.21,2.75E-03,25.4,52.6,0.054,203854,0.73,-0.3684484,SOS|-93.66|0.0,0.45,59,0.51,25.04,25.13,25.21,25.32,25.39,25.54,25.6,25.66,25.74,25.8,25.87,25.95,26.06,26.11,26.16,26.2,26.27,26.31,26.31,26.37,26.42,26.49,26.5,26.5,26.52,26.5,26.5,26.47,26.49,26.49,26.5,26.48,26.47,26.46,26.46,26.47,26.44,26.34,26.31,26.33,26.27,26.22,26.21,26.2,26.21,26.15,26.13,26.09,26.07,26.01,25.92,25.89,25.87,25.86,25.83,25.84,25.87,25.85,25.84,,,,,,,,,,,,,,,,,,,,,,,,,,,,,,,,,,,,,,,,,,,,,,,,,,,,,,,,,,,,,,,,,,,,,,,,,,,,,,,,,,,,,,,,,,,,,,,,,,,,,,,,,,,,,,,,,,,,,
6,8/16/21,9:29:46 AM,321-1,Normal,MA|30|150|5|0.075,26.76,0.16,1.87E-06,25.6,52.7,0.075,203854,0.73,-0.3684484,SOS|-93.66|0.0,0.45,59,0.51,2.43,2.56,2.81,3.24,3.8,4.58,5.51,6.47,7.48,8.6,9.77,10.83,11.86,12.9,13.97,14.92,15.78,16.63,17.51,18.37,19.04,19.72,20.31,20.91,21.46,21.91,22.41,22.85,23.33,23.68,24.01,24.31,24.6,24.84,25.07,25.26,25.44,25.62,25.78,25.95,26.07,26.2,26.35,26.43,26.51,26.56,26.61,26.63,26.66,26.69,26.71,26.72,26.74,26.76,26.77,26.77,26.82,26.81,26.8,,,,,,,,,,,,,,,,,,,,,,,,,,,,,,,,,,,,,,,,,,,,,,,,,,,,,,,,,,,,,,,,,,,,,,,,,,,,,,,,,,,,,,,,,,,,,,,,,,,,,,,,,,,,,,,,,,,,,
7,8/16/21,9:30:26 AM,321-2,Normal,MA|30|150|5|0.075,27.68,0.27,2.41E-03,25.6,52.5,0.087,203854,0.73,-0.3684484,SOS|-93.66|0.0,0.45,64,0.51,26.79,26.84,26.86,27.01,27.1,27.1,27.13,27.17,27.2,27.22,27.23,27.28,27.32,27.37,27.43,27.52,27.59,27.67,27.72,27.78,27.84,27.83,27.88,27.94,28,28,28.02,28.08,28.09,28.06,28.06,28.08,28.09,28.08,28.04,28.04,28.05,28.06,28.03,28.03,28.02,28.01,28.02,27.89,27.93,27.94,27.95,27.96,27.96,27.97,27.96,27.92,27.93,27.89,27.79,27.75,27.71,27.71,27.7,27.7,27.67,27.62,27.58,27.55,,,,,,,,,,,,,,,,,,,,,,,,,,,,,,,,,,,,,,,,,,,,,,,,,,,,,,,,,,,,,,,,,,,,,,,,,,,,,,,,,,,,,,,,,,,,,,,,,,,,,,,,,,,,,,,,
8,8/16/21,9:31:03 AM,321-3,Normal,MA|30|150|5|0.075,30,0.07,2.53E-06,25.6,52.3,0.098,203854,0.73,-0.3684484,SOS|-93.66|0.0,0.45,59,0.51,27.29,27.28,27.29,27.21,27.17,27.11,27.08,27.09,27.08,27.14,27.17,27.25,27.35,27.49,27.59,27.7,27.8,27.94,28.06,28.15,28.29,28.38,28.52,28.64,28.73,28.85,28.88,28.98,29.07,29.11,29.24,29.28,29.4,29.48,29.55,29.65,29.67,29.7,29.8,29.83,29.89,29.91,29.94,29.99,29.95,29.99,29.99,29.99,30.01,30.03,30.03,29.97,29.98,29.98,29.98,29.99,30,30.01,30.02,,,,,,,,,,,,,,,,,,,,,,,,,,,,,,,,,,,,,,,,,,,,,,,,,,,,,,,,,,,,,,,,,,,,,,,,,,,,,,,,,,,,,,,,,,,,,,,,,,,,,,,,,,,,,,,,,,,,,
9,8/16/21,9:31:40 AM,321-4,Normal,MA|30|150|5|0.075,31.49,0.15,4.61E-04,25.6,51.5,0.11,203854,0.73,-0.3684484,SOS|-93.66|0.0,0.45,59,0.51,30.01,30.04,30.05,30.02,30.02,30,29.97,29.95,29.82,29.81,29.78,29.78,29.83,29.92,30.04,30.13,30.22,30.33,30.4,30.49,30.58,30.67,30.75,30.84,30.93,31,31.04,31.1,31.18,31.18,31.18,31.2,31.25,31.32,31.32,31.42,31.48,31.51,31.52,31.54,31.52,31.48,31.52,31.51,31.54,31.47,31.5,31.5,31.5,31.5,31.5,31.52,31.52,31.52,31.49,31.51,31.47,31.48,31.36,,,,,,,,,,,,,,,,,,,,,,,,,,,,,,,,,,,,,,,,,,,,,,,,,,,,,,,,,,,,,,,,,,,,,,,,,,,,,,,,,,,,,,,,,,,,,,,,,,,,,,,,,,,,,,,,,,,,,
10,8/16/21,9:32:28 AM,321-5,Normal,MA|30|150|5|0.075,25.9,0.19,2.65E-02,25.5,52.4,0.124,203854,0.73,-0.3684484,SOS|-93.66|0.0,0.45,82,0.51,31.06,31.05,31.04,31.01,30.98,30.96,30.92,30.85,30.79,30.74,30.64,30.57,30.49,30.42,30.32,30.2,30.13,30.01,29.89,29.74,29.63,29.56,29.44,29.36,29.3,29.2,29.13,29.06,28.93,28.84,28.76,28.69,28.62,28.49,28.45,28.42,28.29,28.21,28.15,28.08,28,27.9,27.87,27.84,27.77,27.71,27.65,27.54,27.48,27.38,27.31,27.25,27.2,27.19,27.07,27.03,26.93,26.89,26.81,26.71,26.69,26.58,26.54,26.47,26.4,26.38,26.34,26.3,26.27,26.25,26.19,26.1,25.98,25.93,25.88,25.84,25.82,25.84,25.89,25.94,25.91,25.92,,,,,,,,,,,,,,,,,,,,,,,,,,,,,,,,,,,,,,,,,,,,,,,,,,,,,,,,,,,,,,,,,,,,,,,,,,,,,,,,,,,,,,,,,,,,,,
11,8/16/21,9:34:56 AM,297-1,Normal,MA|30|150|5|0.075,19.21,0.39,2.86E-02,25.7,51.5,0.151,203854,0.73,-0.3684484,SOS|-93.66|0.0,0.45,127,0.51,5.41,5.48,5.68,6.01,6.39,7.02,7.81,8.64,9.51,10.44,11.41,12.3,13.17,13.99,14.85,15.59,16.27,16.93,17.5,18.11,18.6,19.09,19.57,19.97,20.36,20.73,21.08,21.32,21.56,21.78,22,22.13,22.29,22.43,22.54,22.64,22.7,22.79,22.83,22.89,22.88,22.87,22.9,22.84,22.82,22.79,22.82,22.81,22.78,22.8,22.68,22.66,22.6,22.58,22.49,22.41,22.36,22.27,22.23,22.15,22.1,22,21.94,21.88,21.8,21.73,21.7,21.64,21.61,21.55,21.46,21.43,21.31,21.27,21.21,21.17,21.12,21.03,21.04,20.98,20.94,20.89,20.83,20.83,20.75,20.74,20.7,20.63,20.61,20.54,20.51,20.44,20.36,20.29,20.27,20.21,20.18,20.13,20.12,20.08,19.97,19.95,19.87,19.87,19.8,19.79,19.8,19.74,19.69,19.62,19.64,19.59,19.55,19.53,19.56,19.49,19.4,19.36,19.32,19.28,19.2,19.19,19.17,19.16,19.16,19.15,19.16,,,,,,,,,,,,,,,,,,,,,,,,,,,,,,,,,,,,,,,,,,,,,,,,,
12,8/16/21,9:35:51 AM,297-2,Normal,MA|30|150|5|0.075,24.39,0.29,1.53E-02,25.7,51.8,0.165,203854,0.73,-0.3684484,SOS|-93.66|0.0,0.45,92,0.51,19.33,19.57,19.86,20.19,20.54,20.86,21.18,21.49,21.78,22.13,22.42,22.76,23.07,23.41,23.75,24.09,24.41,24.74,25.06,25.35,25.63,25.81,26.03,26.19,26.35,26.44,26.56,26.66,26.74,26.79,26.82,26.87,26.89,26.89,26.91,26.91,26.87,26.87,26.82,26.81,26.81,26.74,26.73,26.64,26.57,26.53,26.46,26.4,26.32,26.3,26.24,26.18,26.17,26.08,26.02,25.95,25.93,25.83,25.78,25.75,25.69,25.62,25.56,25.53,25.43,25.34,25.25,25.19,25.16,25.07,25.02,24.98,24.95,24.9,24.83,24.82,24.78,24.75,24.71,24.69,24.63,24.59,24.51,24.48,24.43,24.39,24.38,24.34,24.39,24.33,24.34,24.29,,,,,,,,,,,,,,,,,,,,,,,,,,,,,,,,,,,,,,,,,,,,,,,,,,,,,,,,,,,,,,,,,,,,,,,,,,,,,,,,,,,,
13,8/16/21,9:36:46 AM,297-3,Normal,MA|30|150|5|0.075,24.14,0.27,2.12E-02,25.6,51.5,0.18,203854,0.73,-0.3684484,SOS|-93.66|0.0,0.45,93,0.51,24.31,24.41,24.51,24.69,24.84,24.98,25.12,25.29,25.42,25.6,25.81,25.98,26.12,26.3,26.43,26.62,26.73,26.85,26.99,27.07,27.21,27.27,27.32,27.41,27.48,27.5,27.51,27.45,27.45,27.38,27.3,27.22,27.18,27.15,27.05,27.02,26.96,26.91,26.79,26.72,26.67,26.6,26.54,26.5,26.42,26.36,26.29,26.23,26.13,26.07,26,25.96,25.86,25.72,25.64,25.56,25.52,25.44,25.37,25.32,25.29,25.19,25.12,25.05,25.05,25.01,24.96,24.92,24.83,24.77,24.69,24.71,24.67,24.63,24.6,24.6,24.56,24.52,24.52,24.49,24.48,24.42,24.39,24.28,24.21,24.16,24.13,24.12,24.1,24.09,24.07,24.1,24.11,,,,,,,,,,,,,,,,,,,,,,,,,,,,,,,,,,,,,,,,,,,,,,,,,,,,,,,,,,,,,,,,,,,,,,,,,,,,,,,,,,,
14,8/16/21,9:37:32 AM,297-4,Normal,MA|30|150|5|0.075,25.89,0.23,1.04E-02,25.8,51,0.193,203854,0.73,-0.3684484,SOS|-93.66|0.0,0.45,77,0.51,24.1,24.14,24.27,24.42,24.6,24.74,24.86,24.99,25.11,25.29,25.46,25.65,25.81,26.01,26.25,26.45,26.62,26.77,26.96,27.08,27.23,27.31,27.45,27.57,27.63,27.73,27.76,27.86,27.9,27.93,27.94,27.93,27.9,27.82,27.76,27.74,27.71,27.67,27.63,27.62,27.56,27.5,27.46,27.38,27.3,27.26,27.21,27.09,27,27,26.95,26.91,26.87,26.86,26.83,26.74,26.71,26.59,26.53,26.46,26.39,26.35,26.31,26.29,26.22,26.17,26.08,26.01,25.94,25.9,25.9,25.91,25.9,25.87,25.87,25.81,25.79,,,,,,,,,,,,,,,,,,,,,,,,,,,,,,,,,,,,,,,,,,,,,,,,,,,,,,,,,,,,,,,,,,,,,,,,,,,,,,,,,,,,,,,,,,,,,,,,,,,
15,8/16/21,9:38:18 AM,297-5,Normal,MA|30|150|5|0.075,24.11,0.3,1.54E-02,25.9,50.9,0.205,203854,0.73,-0.3684484,SOS|-93.66|0.0,0.45,60,0.51,26.93,26.98,26.99,26.97,26.98,26.99,27,27.04,27.07,27.11,27.2,27.2,27.24,27.26,27.25,27.24,27.13,27.11,27.06,27,26.87,26.82,26.73,26.61,26.48,26.36,26.28,26.11,26.07,25.94,25.85,25.72,25.58,25.49,25.35,25.3,25.21,25.12,25.08,25.02,24.94,24.84,24.76,24.72,24.66,24.61,24.51,24.46,24.43,24.33,24.23,24.17,24.17,24.12,24.11,24.1,24.1,24.06,24.03,23.99,,,,,,,,,,,,,,,,,,,,,,,,,,,,,,,,,,,,,,,,,,,,,,,,,,,,,,,,,,,,,,,,,,,,,,,,,,,,,,,,,,,,,,,,,,,,,,,,,,,,,,,,,,,,,,,,,,,,
16,8/16/21,9:40:24 AM,315-1,Normal,MA|30|150|5|0.075,25.72,0.12,6.07E-05,25.8,52.1,0.225,203854,0.73,-0.3684484,SOS|-93.66|0.0,0.45,59,0.51,6.62,6.66,6.76,6.97,7.31,7.89,8.58,9.35,10.17,11.1,12.06,12.98,13.89,14.76,15.75,16.59,17.37,18.09,18.76,19.51,20.06,20.67,21.22,21.74,22.26,22.61,23.02,23.3,23.62,23.89,24.13,24.38,24.5,24.77,24.87,25,25.1,25.18,25.31,25.33,25.46,25.55,25.58,25.63,25.68,25.75,25.75,25.74,25.75,25.75,25.78,25.71,25.7,25.7,25.7,25.73,25.68,25.71,25.69,,,,,,,,,,,,,,,,,,,,,,,,,,,,,,,,,,,,,,,,,,,,,,,,,,,,,,,,,,,,,,,,,,,,,,,,,,,,,,,,,,,,,,,,,,,,,,,,,,,,,,,,,,,,,,,,,,,,,
17,8/16/21,9:41:05 AM,315-2,Normal,MA|30|150|5|0.075,28.19,0.24,1.90E-03,25.6,52,0.237,203854,0.73,-0.3684484,SOS|-93.66|0.0,0.45,59,0.51,25.96,26.04,26.09,26.22,26.23,26.28,26.3,26.38,26.47,26.49,26.61,26.71,26.84,26.95,27.11,27.23,27.39,27.58,27.74,27.9,28.07,28.22,28.32,28.46,28.57,28.61,28.62,28.72,28.78,28.73,28.74,28.77,28.8,28.76,28.77,28.75,28.71,28.7,28.68,28.62,28.56,28.57,28.55,28.55,28.56,28.51,28.46,28.43,28.35,28.32,28.27,28.23,28.22,28.17,28.17,28.14,28.11,28.12,28.15,,,,,,,,,,,,,,,,,,,,,,,,,,,,,,,,,,,,,,,,,,,,,,,,,,,,,,,,,,,,,,,,,,,,,,,,,,,,,,,,,,,,,,,,,,,,,,,,,,,,,,,,,,,,,,,,,,,,,
18,8/16/21,9:41:42 AM,315-3,Normal,MA|30|150|5|0.075,33.68,0.09,3.20E-05,25.7,51.6,0.249,203854,0.73,-0.3684484,SOS|-93.66|0.0,0.45,59,0.51,27.97,28.08,28.11,28.11,28.08,28.09,28.07,28.06,28.1,28.07,28.11,28.12,28.14,28.16,28.34,28.53,28.68,28.9,29.19,29.52,29.8,30.08,30.36,30.66,30.9,31.14,31.34,31.57,31.76,31.95,32.17,32.3,32.46,32.59,32.79,32.86,32.94,33.06,33.18,33.28,33.3,33.4,33.46,33.52,33.51,33.52,33.54,33.59,33.63,33.63,33.66,33.69,33.74,33.7,33.68,33.71,33.7,33.67,33.66,,,,,,,,,,,,,,,,,,,,,,,,,,,,,,,,,,,,,,,,,,,,,,,,,,,,,,,,,,,,,,,,,,,,,,,,,,,,,,,,,,,,,,,,,,,,,,,,,,,,,,,,,,,,,,,,,,,,,
19,8/16/21,9:42:20 AM,315-4,Normal,MA|30|150|5|0.075,30.29,0.12,7.82E-03,25.8,51.4,0.262,203854,0.73,-0.3684484,SOS|-93.66|0.0,0.45,59,0.51,33.67,33.64,33.49,33.38,33.19,33.02,32.83,32.66,32.52,32.33,32.18,32.03,31.88,31.79,31.66,31.57,31.5,31.43,31.4,31.35,31.33,31.3,31.23,31.19,31.17,31.11,31.03,31.04,31,30.96,30.93,30.9,30.9,30.84,30.81,30.77,30.7,30.65,30.58,30.51,30.5,30.47,30.47,30.47,30.48,30.44,30.43,30.39,30.32,30.28,30.23,30.24,30.26,30.3,30.33,30.31,30.31,30.34,30.31,,,,,,,,,,,,,,,,,,,,,,,,,,,,,,,,,,,,,,,,,,,,,,,,,,,,,,,,,,,,,,,,,,,,,,,,,,,,,,,,,,,,,,,,,,,,,,,,,,,,,,,,,,,,,,,,,,,,,
20,8/16/21,9:43:00 AM,315-5,Normal,MA|30|150|5|0.075,28.61,0.05,7.60E-03,25.8,51.6,0.275,203854,0.73,-0.3684484,SOS|-93.66|0.0,0.45,59,0.51,30.51,30.55,30.53,30.48,30.46,30.43,30.36,30.32,30.31,30.3,30.29,30.29,30.28,30.27,30.28,30.3,30.32,30.3,30.28,30.27,30.11,30.04,29.94,29.93,29.83,29.8,29.72,29.66,29.6,29.5,29.43,29.32,29.27,29.23,29.18,29.14,29.1,29.07,29.03,28.96,28.91,28.85,28.81,28.72,28.66,28.62,28.62,28.57,28.55,28.58,28.6,28.61,28.6,28.6,28.63,28.62,28.63,28.62,28.61,,,,,,,,,,,,,,,,,,,,,,,,,,,,,,,,,,,,,,,,,,,,,,,,,,,,,,,,,,,,,,,,,,,,,,,,,,,,,,,,,,,,,,,,,,,,,,,,,,,,,,,,,,,,,,,,,,,,,
22,8/16/21,9:59:46 AM,314-1,Normal,MA|30|150|5|0.075,17.21,0.4,6.80E-03,25.9,52.2,0.338,203854,0.73,-0.4308273,SOS|-93.66|0.0,0.45,82,0.51,0.05,0.05,0.07,0.24,0.42,0.81,1.29,1.94,2.79,3.72,4.7,5.7,6.73,7.77,8.76,9.68,10.61,11.55,12.37,13.13,13.78,14.4,15.03,15.49,15.95,16.33,16.73,17.02,17.29,17.54,17.78,17.99,18.14,18.31,18.36,18.49,18.54,18.59,18.63,18.65,18.7,18.69,18.69,18.66,18.66,18.63,18.61,18.57,18.45,18.42,18.34,18.34,18.28,18.29,18.24,18.17,18.15,18.08,18.05,18.01,17.98,17.95,17.88,17.82,17.77,17.68,17.65,17.63,17.59,17.52,17.47,17.42,17.35,17.27,17.24,17.22,17.18,17.18,17.18,17.18,17.15,17.1,,,,,,,,,,,,,,,,,,,,,,,,,,,,,,,,,,,,,,,,,,,,,,,,,,,,,,,,,,,,,,,,,,,,,,,,,,,,,,,,,,,,,,,,,,,,,,
23,8/16/21,10:00:31 AM,314-2,Normal,MA|30|150|5|0.075,18.96,0.34,1.52E-02,25.9,52.4,0.348,203854,0.73,-0.4308273,SOS|-93.66|0.0,0.45,73,0.51,17.53,17.88,18.31,18.76,19.2,19.63,19.94,20.31,20.61,20.94,21.23,21.48,21.76,21.93,22.11,22.24,22.33,22.41,22.41,22.43,22.36,22.32,22.24,22.14,22.03,21.9,21.85,21.72,21.62,21.53,21.43,21.32,21.2,21.1,21,20.9,20.79,20.7,20.59,20.47,20.37,20.29,20.14,20.07,19.99,19.91,19.86,19.77,19.74,19.67,19.6,19.56,19.47,19.39,19.34,19.32,19.29,19.24,19.22,19.2,19.16,19.13,19.11,19.08,19.03,19.01,19.01,18.94,18.93,18.89,18.9,18.91,18.92,,,,,,,,,,,,,,,,,,,,,,,,,,,,,,,,,,,,,,,,,,,,,,,,,,,,,,,,,,,,,,,,,,,,,,,,,,,,,,,,,,,,,,,,,,,,,,,,,,,,,,,
24,8/16/21,10:01:45 AM,314-3,Normal,MA|30|150|5|0.075,16.8,0.44,6.49E-02,25.8,53.2,0.363,203854,0.73,-0.4308273,SOS|-93.66|0.0,0.45,130,0.51,19.32,19.49,19.69,19.94,20.18,20.41,20.71,20.99,21.29,21.58,21.92,22.25,22.56,22.89,23.16,23.41,23.63,23.82,23.95,24.09,24.16,24.24,24.28,24.32,24.3,24.18,24.09,24.04,23.92,23.79,23.69,23.62,23.55,23.4,23.31,23.19,23.08,22.98,22.88,22.77,22.66,22.54,22.41,22.27,22.14,21.99,21.85,21.75,21.66,21.56,21.46,21.39,21.28,21.22,21.09,20.99,20.92,20.83,20.74,20.64,20.56,20.51,20.42,20.36,20.33,20.28,20.22,20.14,20.03,19.98,19.88,19.79,19.71,19.62,19.58,19.47,19.44,19.34,19.29,19.23,19.12,19.07,19,18.91,18.84,18.76,18.7,18.63,18.51,18.51,18.45,18.4,18.35,18.31,18.3,18.21,18.13,18.08,18,17.91,17.8,17.71,17.63,17.56,17.53,17.44,17.42,17.43,17.4,17.34,17.29,17.28,17.27,17.22,17.21,17.18,17.14,17.1,17,16.95,16.9,16.9,16.86,16.82,16.81,16.81,16.77,16.73,16.71,16.7,,,,,,,,,,,,,,,,,,,,,,,,,,,,,,,,,,,,,,,,,,,,,,
25,8/16/21,10:02:31 AM,314-4,Normal,MA|30|150|5|0.075,20.38,0.34,1.72E-02,25.9,53.3,0.374,203854,0.73,-0.4308273,SOS|-93.66|0.0,0.45,75,0.51,17.6,18.03,18.53,19.05,19.6,20.01,20.35,20.79,21.19,21.6,21.96,22.29,22.63,22.91,23.14,23.35,23.49,23.69,23.81,23.86,23.93,23.95,24,23.95,23.88,23.84,23.79,23.69,23.62,23.55,23.5,23.39,23.3,23.23,23.12,23.02,22.91,22.79,22.69,22.59,22.48,22.36,22.23,22.14,22.05,21.91,21.82,21.73,21.65,21.57,21.48,21.43,21.32,21.23,21.15,21.11,21.02,20.94,20.9,20.78,20.75,20.67,20.6,20.6,20.51,20.52,20.48,20.41,20.43,20.34,20.34,20.33,20.31,20.37,20.33,,,,,,,,,,,,,,,,,,,,,,,,,,,,,,,,,,,,,,,,,,,,,,,,,,,,,,,,,,,,,,,,,,,,,,,,,,,,,,,,,,,,,,,,,,,,,,,,,,,,,
26,8/16/21,10:03:20 AM,314-5,Normal,MA|30|150|5|0.075,21.69,0.3,1.71E-02,25.9,53.3,0.386,203854,0.73,-0.4308273,SOS|-93.66|0.0,0.45,82,0.51,20.42,20.62,20.84,21.09,21.42,21.73,21.96,22.28,22.56,22.91,23.15,23.42,23.73,23.93,24.14,24.32,24.46,24.58,24.66,24.76,24.81,24.81,24.79,24.76,24.7,24.6,24.49,24.42,24.36,24.26,24.17,24.08,24.03,24.02,23.89,23.85,23.82,23.79,23.72,23.62,23.59,23.49,23.42,23.35,23.3,23.27,23.23,23.18,23.09,23.02,22.95,22.89,22.83,22.8,22.76,22.75,22.69,22.61,22.57,22.48,22.44,22.35,22.28,22.25,22.16,22.09,22.02,22,21.94,21.89,21.89,21.88,21.79,21.74,21.74,21.7,21.7,21.66,21.7,21.66,21.61,21.58,,,,,,,,,,,,,,,,,,,,,,,,,,,,,,,,,,,,,,,,,,,,,,,,,,,,,,,,,,,,,,,,,,,,,,,,,,,,,,,,,,,,,,,,,,,,,,
27,8/16/21,10:05:31 AM,319-1,Normal,MA|30|150|5|0.075,34.67,0.19,9.53E-06,25.9,54.1,0.404,203854,0.73,-0.4308273,SOS|-93.66|0.0,0.45,62,0.51,3.13,3.18,3.21,3.27,3.59,4.05,4.7,5.45,6.3,7.22,8.35,9.48,10.63,11.8,13.04,14.38,15.6,16.8,17.96,19.14,20.31,21.37,22.4,23.35,24.28,25.24,26.01,26.79,27.46,28.18,28.83,29.35,29.9,30.31,30.81,31.22,31.62,31.94,32.27,32.65,32.91,33.13,33.31,33.55,33.73,33.86,33.98,34.14,34.27,34.34,34.42,34.47,34.55,34.58,34.62,34.7,34.69,34.72,34.73,34.73,34.72,34.7,,,,,,,,,,,,,,,,,,,,,,,,,,,,,,,,,,,,,,,,,,,,,,,,,,,,,,,,,,,,,,,,,,,,,,,,,,,,,,,,,,,,,,,,,,,,,,,,,,,,,,,,,,,,,,,,,,
28,8/16/21,10:06:31 AM,319-2,Normal,MA|30|150|5|0.075,29.75,0.21,2.05E-02,25.9,53.8,0.424,203854,0.73,-0.4308273,SOS|-93.66|0.0,0.45,99,0.51,33.77,33.43,33.17,32.82,32.56,32.38,32.12,31.92,31.66,31.51,31.38,31.29,31.27,31.22,31.3,31.32,31.38,31.41,31.52,31.59,31.65,31.69,31.75,31.82,31.83,31.9,31.86,31.91,31.9,31.89,31.87,31.84,31.88,31.84,31.83,31.83,31.81,31.72,31.69,31.67,31.64,31.62,31.64,31.61,31.55,31.5,31.46,31.39,31.32,31.31,31.27,31.27,31.27,31.23,31.19,31.13,31.11,31.05,31.03,30.99,31.01,30.98,30.95,30.87,30.78,30.77,30.7,30.65,30.63,30.61,30.6,30.57,30.51,30.41,30.36,30.33,30.29,30.27,30.23,30.25,30.23,30.18,30.12,30.08,30.09,30.03,29.98,29.94,29.93,29.87,29.81,29.8,29.77,29.75,29.72,29.73,29.7,29.7,29.67,,,,,,,,,,,,,,,,,,,,,,,,,,,,,,,,,,,,,,,,,,,,,,,,,,,,,,,,,,,,,,,,,,,,,,,,,,,,,
29,8/16/21,10:07:11 AM,319-3,Normal,MA|30|150|5|0.075,33.84,0.2,1.27E-03,25.9,54.4,0.438,203854,0.73,-0.4308273,SOS|-93.66|0.0,0.45,65,0.51,29.37,29.49,29.58,29.7,29.75,29.8,29.79,29.78,29.79,29.78,29.91,29.99,30.09,30.29,30.5,30.75,30.93,31.18,31.47,31.66,31.9,32.08,32.36,32.57,32.78,32.97,33.15,33.32,33.42,33.59,33.67,33.78,33.88,33.93,34.03,34.03,34.08,34.11,34.11,34.15,34.12,34.17,34.2,34.21,34.23,34.19,34.2,34.16,34.17,34.15,34.15,34.15,34.13,34.02,33.98,33.95,33.9,33.89,33.87,33.88,33.8,33.79,33.78,33.76,33.76,,,,,,,,,,,,,,,,,,,,,,,,,,,,,,,,,,,,,,,,,,,,,,,,,,,,,,,,,,,,,,,,,,,,,,,,,,,,,,,,,,,,,,,,,,,,,,,,,,,,,,,,,,,,,,,
30,8/16/21,10:07:48 AM,319-4,Normal,MA|30|150|5|0.075,31.56,0.06,6.33E-03,26,54.3,0.451,203854,0.73,-0.4308273,SOS|-93.66|0.0,0.45,59,0.51,33.75,33.78,33.84,33.84,33.87,33.75,33.64,33.5,33.41,33.28,33.14,33.07,32.9,32.84,32.71,32.66,32.6,32.55,32.54,32.44,32.44,32.36,32.29,32.21,32.18,32.21,32.17,32.14,32.12,32.11,32.05,31.96,31.88,31.84,31.81,31.82,31.79,31.78,31.78,31.75,31.71,31.63,31.62,31.6,31.59,31.59,31.6,31.6,31.58,31.57,31.6,31.57,31.56,31.55,31.55,31.55,31.55,31.55,31.52,,,,,,,,,,,,,,,,,,,,,,,,,,,,,,,,,,,,,,,,,,,,,,,,,,,,,,,,,,,,,,,,,,,,,,,,,,,,,,,,,,,,,,,,,,,,,,,,,,,,,,,,,,,,,,,,,,,,,
31,8/16/21,10:08:26 AM,319-5,Normal,MA|30|150|5|0.075,31.57,0.24,1.01E-03,26,54.5,0.464,203854,0.73,-0.4308273,SOS|-93.66|0.0,0.45,61,0.51,31.5,31.57,31.65,31.73,31.76,31.74,31.74,31.77,31.77,31.8,31.83,31.88,31.93,31.92,31.98,32.03,32.02,31.99,31.96,31.93,31.9,31.91,31.91,31.86,31.81,31.8,31.76,31.68,31.67,31.63,31.63,31.63,31.64,31.63,31.62,31.61,31.57,31.54,31.63,31.61,31.59,31.49,31.58,31.47,31.42,31.39,31.35,31.34,31.31,31.3,31.34,31.42,31.47,31.51,31.56,31.6,31.65,31.62,31.61,31.61,31.59,,,,,,,,,,,,,,,,,,,,,,,,,,,,,,,,,,,,,,,,,,,,,,,,,,,,,,,,,,,,,,,,,,,,,,,,,,,,,,,,,,,,,,,,,,,,,,,,,,,,,,,,,,,,,,,,,,,
32,8/16/21,10:11:23 AM,308-1,Normal,MA|30|150|5|0.075,34.91,0.17,0,26,54.6,0.498,203854,0.73,-0.4308273,SOS|-93.66|0.0,0.45,104,0.52,4.98,4.91,4.98,5.01,5.18,5.52,5.95,6.64,7.41,8.5,9.6,10.72,11.9,13.08,14.33,15.4,16.49,17.49,18.58,19.54,20.45,21.34,22.15,23.03,23.72,24.41,25.02,25.64,26.2,26.72,27.21,27.69,28.19,28.54,29.01,29.33,29.65,29.95,30.24,30.5,30.67,30.92,31.19,31.39,31.53,31.74,31.91,32.05,32.18,32.33,32.47,32.56,32.68,32.8,32.84,32.91,32.98,33.09,33.18,33.24,33.31,33.38,33.42,33.48,33.53,33.59,33.66,33.73,33.77,33.81,33.8,33.86,33.86,33.9,33.94,33.99,34.02,34.06,34.08,34.09,34.1,34.12,34.18,34.22,34.32,34.38,34.44,34.51,34.52,34.54,34.49,34.55,34.63,34.69,34.78,34.84,34.92,34.94,34.93,34.91,34.92,34.93,34.98,34.97,,,,,,,,,,,,,,,,,,,,,,,,,,,,,,,,,,,,,,,,,,,,,,,,,,,,,,,,,,,,,,,,,,,,,,,,
33,8/16/21,10:12:03 AM,308-2,Normal,MA|30|150|5|0.075,33.53,0.22,1.82E-03,26.1,54.2,0.512,203854,0.73,-0.4308273,SOS|-93.66|0.0,0.45,59,0.51,34.58,34.35,34.09,33.88,33.62,33.5,33.39,33.25,33.08,33.02,33,32.99,32.96,32.96,33.03,33.02,33.12,33.2,33.3,33.36,33.43,33.53,33.59,33.61,33.71,33.78,33.82,33.87,33.85,33.89,33.86,33.86,33.86,33.88,33.87,33.85,33.85,33.84,33.85,33.84,33.85,33.84,33.84,33.85,33.85,33.85,33.83,33.81,33.8,33.69,33.63,33.57,33.51,33.53,33.49,33.48,33.49,33.46,33.48,,,,,,,,,,,,,,,,,,,,,,,,,,,,,,,,,,,,,,,,,,,,,,,,,,,,,,,,,,,,,,,,,,,,,,,,,,,,,,,,,,,,,,,,,,,,,,,,,,,,,,,,,,,,,,,,,,,,,
34,8/16/21,10:12:53 AM,308-3,Normal,MA|30|150|5|0.075,32.04,0.2,1.13E-02,26.1,54.2,0.53,203854,0.73,-0.4308273,SOS|-93.66|0.0,0.45,79,0.51,33.06,33.04,33.11,33.02,33.01,33.08,33.04,33.04,32.86,32.91,32.86,32.85,32.89,32.93,33,32.99,33.04,33.14,33.24,33.3,33.35,33.47,33.56,33.62,33.65,33.73,33.83,33.85,33.89,33.9,33.91,33.85,33.82,33.79,33.72,33.68,33.61,33.56,33.51,33.47,33.41,33.42,33.35,33.29,33.24,33.13,33.12,33.02,32.98,32.98,32.9,32.94,32.87,32.84,32.8,32.76,32.73,32.64,32.59,32.52,32.45,32.39,32.4,32.38,32.37,32.31,32.33,32.29,32.24,32.17,32.13,32.09,32.04,32.01,32.01,31.99,31.99,32,31.98,,,,,,,,,,,,,,,,,,,,,,,,,,,,,,,,,,,,,,,,,,,,,,,,,,,,,,,,,,,,,,,,,,,,,,,,,,,,,,,,,,,,,,,,,,,,,,,,,
35,8/16/21,10:13:37 AM,308-4,Normal,MA|30|150|5|0.075,32.15,0.16,4.20E-03,26.1,53.9,0.545,203854,0.73,-0.4308273,SOS|-93.66|0.0,0.45,65,0.51,32.39,32.43,32.35,32.27,32.17,32.06,31.98,31.9,31.82,31.77,31.82,31.85,31.89,31.95,32.11,32.25,32.37,32.49,32.65,32.77,32.82,32.88,32.9,32.93,32.94,32.97,32.98,33.03,33.07,33.11,33.07,33.07,33.05,33.01,32.99,32.99,32.99,33,32.99,32.91,32.89,32.87,32.84,32.76,32.72,32.67,32.64,32.61,32.57,32.57,32.55,32.51,32.46,32.39,32.36,32.24,32.23,32.17,32.11,32.11,32.1,32.18,32.11,32.13,32.1,,,,,,,,,,,,,,,,,,,,,,,,,,,,,,,,,,,,,,,,,,,,,,,,,,,,,,,,,,,,,,,,,,,,,,,,,,,,,,,,,,,,,,,,,,,,,,,,,,,,,,,,,,,,,,,
36,8/16/21,10:14:18 AM,308-5,Normal,MA|30|150|5|0.075,31.25,0.19,9.80E-03,26.2,54,0.559,203854,0.73,-0.4308273,SOS|-93.66|0.0,0.45,66,0.51,32.11,32.16,32.27,32.32,32.45,32.58,32.59,32.6,32.66,32.67,32.69,32.65,32.71,32.72,32.77,32.83,32.83,32.93,32.91,32.95,32.94,32.93,32.93,32.85,32.83,32.84,32.75,32.71,32.69,32.66,32.65,32.6,32.53,32.44,32.36,32.32,32.25,32.22,32.21,32.19,32.12,32.08,32.03,31.99,31.93,31.88,31.8,31.75,31.72,31.71,31.68,31.64,31.64,31.59,31.52,31.45,31.35,31.34,31.27,31.26,31.26,31.24,31.24,31.19,31.19,31.17,,,,,,,,,,,,,,,,,,,,,,,,,,,,,,,,,,,,,,,,,,,,,,,,,,,,,,,,,,,,,,,,,,,,,,,,,,,,,,,,,,,,,,,,,,,,,,,,,,,,,,,,,,,,,,
37,8/16/21,10:16:01 AM,300-1,Normal,MA|30|150|5|0.075,22.89,0.3,2.95E-03,26,54.5,0.579,203854,0.73,-0.4308273,SOS|-93.66|0.0,0.45,62,0.51,7.12,7.08,7.11,7.23,7.38,7.74,8.33,9.05,9.88,10.86,12.05,13.18,14.23,15.28,16.35,17.35,18.15,18.93,19.68,20.36,20.91,21.43,21.89,22.34,22.72,23.03,23.3,23.49,23.68,23.79,23.83,23.86,23.87,23.87,23.85,23.85,23.88,23.87,23.86,23.86,23.82,23.82,23.78,23.8,23.66,23.56,23.5,23.44,23.35,23.24,23.19,23.13,23.03,22.97,22.91,22.88,22.85,22.82,22.83,22.83,22.87,22.89,,,,,,,,,,,,,,,,,,,,,,,,,,,,,,,,,,,,,,,,,,,,,,,,,,,,,,,,,,,,,,,,,,,,,,,,,,,,,,,,,,,,,,,,,,,,,,,,,,,,,,,,,,,,,,,,,,
38,8/16/21,10:16:52 AM,300-2,Normal,MA|30|150|5|0.075,23.45,0.27,2.60E-02,26.1,54.5,0.592,203854,0.73,-0.4308273,SOS|-93.66|0.0,0.45,83,0.51,23.86,24.26,24.7,25.15,25.46,25.75,25.94,26.25,26.54,26.79,27.04,27.28,27.53,27.7,27.87,27.98,28.13,28.17,28.17,28.21,28.19,28.2,28.11,28.08,28.02,27.89,27.83,27.7,27.58,27.47,27.35,27.21,27.1,26.96,26.85,26.7,26.56,26.44,26.28,26.18,26.04,25.93,25.81,25.66,25.57,25.43,25.32,25.2,25.11,25.08,24.96,24.88,24.8,24.75,24.66,24.55,24.5,24.41,24.36,24.25,24.2,24.16,24.06,24.03,23.94,23.94,23.85,23.82,23.79,23.78,23.77,23.72,23.68,23.58,23.54,23.43,23.42,23.4,23.41,23.42,23.39,23.46,23.44,,,,,,,,,,,,,,,,,,,,,,,,,,,,,,,,,,,,,,,,,,,,,,,,,,,,,,,,,,,,,,,,,,,,,,,,,,,,,,,,,,,,,,,,,,,,,
39,8/16/21,10:17:33 AM,300-3,Normal,MA|30|150|5|0.075,25.69,0.26,0.010941,26.2,54.3,0.604,203854,0.73,-0.4308273,SOS|-93.66|0.0,0.45,69,0.51,23.52,23.78,24.08,24.44,24.84,25.21,25.48,25.83,26.18,26.5,26.74,27.05,27.32,27.57,27.78,27.93,28.13,28.19,28.26,28.25,28.28,28.26,28.26,28.26,28.13,28.12,27.99,27.93,27.85,27.74,27.7,27.57,27.52,27.45,27.36,27.28,27.19,27.15,27.04,26.94,26.81,26.76,26.66,26.57,26.47,26.4,26.35,26.27,26.2,26.16,26.09,26.06,26.01,25.98,26,25.94,25.95,25.89,25.87,25.83,25.77,25.73,25.7,25.7,25.68,25.62,25.64,25.63,25.64,,,,,,,,,,,,,,,,,,,,,,,,,,,,,,,,,,,,,,,,,,,,,,,,,,,,,,,,,,,,,,,,,,,,,,,,,,,,,,,,,,,,,,,,,,,,,,,,,,,,,,,,,,,
41,8/16/21,10:19:20 AM,300-4,Normal,MA|30|150|5|0.075,22.5,0.29,0.058114,26.1,54.1,0.635,203854,0.73,-0.4308273,SOS|-93.66|0.0,0.45,104,0.52,29.87,29.86,29.97,30.1,30.21,30.26,30.3,30.39,30.45,30.49,30.55,30.6,30.64,30.69,30.74,30.78,30.74,30.7,30.67,30.59,30.49,30.36,30.25,30.06,29.91,29.73,29.56,29.36,29.16,29,28.81,28.66,28.5,28.33,28.22,28.04,27.9,27.76,27.57,27.42,27.26,27.11,26.95,26.75,26.64,26.51,26.36,26.24,26.12,25.99,25.84,25.7,25.58,25.45,25.32,25.27,25.18,25.07,24.93,24.87,24.77,24.68,24.53,24.43,24.4,24.27,24.22,24.13,24.12,24.11,24.08,24.05,23.94,23.88,23.78,23.68,23.59,23.51,23.49,23.43,23.43,23.4,23.34,23.29,23.28,23.2,23.14,23.13,23.09,23.03,22.93,22.87,22.79,22.7,22.62,22.57,22.53,22.51,22.53,22.48,22.49,22.44,22.43,22.41,,,,,,,,,,,,,,,,,,,,,,,,,,,,,,,,,,,,,,,,,,,,,,,,,,,,,,,,,,,,,,,,,,,,,,,,
42,8/16/21,10:20:06 AM,300-5,Normal,MA|30|150|5|0.075,22.65,0.24,2.44E-02,26.1,53.9,0.647,203854,0.73,-0.4308273,SOS|-93.66|0.0,0.45,77,0.51,22.86,23.2,23.63,24.15,24.55,24.99,25.26,25.65,26,26.27,26.6,26.83,27.03,27.18,27.32,27.36,27.39,27.42,27.43,27.36,27.27,27.2,27.13,26.96,26.82,26.71,26.58,26.49,26.34,26.25,26.1,25.97,25.85,25.74,25.6,25.48,25.39,25.28,25.13,24.99,24.92,24.8,24.71,24.61,24.52,24.48,24.36,24.33,24.19,24.11,24.03,23.93,23.82,23.74,23.7,23.62,23.52,23.4,23.37,23.28,23.25,23.19,23.15,23.08,22.99,22.91,22.84,22.77,22.69,22.67,22.64,22.64,22.59,22.59,22.61,22.65,22.63,,,,,,,,,,,,,,,,,,,,,,,,,,,,,,,,,,,,,,,,,,,,,,,,,,,,,,,,,,,,,,,,,,,,,,,,,,,,,,,,,,,,,,,,,,,,,,,,,,,
43,8/16/21,10:23:01 AM,311-1,Normal,MA|30|150|5|0.075,26.73,0.24,2.59E-02,26,53.2,0.679,203854,0.73,-0.4308273,SOS|-93.66|0.0,0.45,116,0.52,6.07,6.1,6.12,6.28,6.48,6.87,7.38,8.15,8.98,9.89,10.94,12.12,13.28,14.43,15.62,16.88,18.15,19.28,20.41,21.43,22.49,23.49,24.32,25.09,25.8,26.5,27.09,27.52,27.99,28.4,28.77,29.03,29.29,29.54,29.75,29.93,30.1,30.28,30.39,30.46,30.55,30.62,30.65,30.67,30.63,30.61,30.56,30.5,30.47,30.47,30.43,30.39,30.27,30.2,30.11,29.99,29.93,29.88,29.84,29.78,29.72,29.6,29.54,29.43,29.38,29.3,29.19,29.17,29.07,29.04,28.95,28.86,28.78,28.71,28.7,28.58,28.51,28.44,28.41,28.29,28.19,28.15,28.07,28,27.89,27.89,27.83,27.75,27.69,27.68,27.68,27.6,27.58,27.52,27.48,27.43,27.38,27.28,27.23,27.18,27.16,27.13,27.05,27.04,26.96,26.93,26.86,26.79,26.78,26.73,26.7,26.68,26.71,26.73,26.66,26.65,,,,,,,,,,,,,,,,,,,,,,,,,,,,,,,,,,,,,,,,,,,,,,,,,,,,,,,,,,,,
44,8/16/21,10:23:54 AM,311-2,Normal,MA|30|150|5|0.075,28.75,0.25,1.22E-02,26,53.3,0.695,203854,0.73,-0.4308273,SOS|-93.66|0.0,0.45,86,0.52,27.06,27.33,27.55,27.81,28.03,28.17,28.3,28.46,28.64,28.8,28.9,29.1,29.25,29.4,29.58,29.73,29.94,30.11,30.27,30.38,30.48,30.58,30.65,30.69,30.67,30.7,30.72,30.73,30.72,30.66,30.67,30.65,30.65,30.63,30.54,30.47,30.45,30.38,30.36,30.29,30.24,30.2,30.12,30.07,29.98,29.93,29.92,29.94,29.95,29.94,29.95,29.91,29.84,29.76,29.67,29.64,29.53,29.54,29.5,29.48,29.47,29.44,29.43,29.36,29.33,29.29,29.2,29.17,29.11,29.06,29.02,29.01,29.02,28.96,28.96,28.92,28.87,28.84,28.78,28.77,28.75,28.74,28.76,28.69,28.69,28.63,,,,,,,,,,,,,,,,,,,,,,,,,,,,,,,,,,,,,,,,,,,,,,,,,,,,,,,,,,,,,,,,,,,,,,,,,,,,,,,,,,,,,,,,,,
45,8/16/21,10:24:45 AM,311-3,Normal,MA|30|150|5|0.075,25.51,0.29,2.57E-02,26,52.8,0.71,203854,0.73,-0.4308273,SOS|-93.66|0.0,0.45,88,0.51,28.45,28.54,28.63,28.78,28.89,28.94,28.99,29.11,29.22,29.25,29.37,29.46,29.61,29.67,29.73,29.82,29.9,29.91,29.89,29.88,29.78,29.7,29.6,29.54,29.41,29.29,29.22,29.09,28.98,28.85,28.75,28.63,28.51,28.39,28.25,28.1,27.94,27.82,27.75,27.65,27.53,27.44,27.35,27.28,27.14,27.05,26.97,26.91,26.84,26.77,26.73,26.69,26.67,26.59,26.61,26.56,26.52,26.49,26.39,26.37,26.27,26.19,26.1,26.08,26.08,26,25.96,25.97,25.93,25.87,25.83,25.84,25.8,25.76,25.72,25.7,25.65,25.63,25.62,25.61,25.57,25.55,25.5,25.45,25.46,25.42,25.45,25.45,,,,,,,,,,,,,,,,,,,,,,,,,,,,,,,,,,,,,,,,,,,,,,,,,,,,,,,,,,,,,,,,,,,,,,,,,,,,,,,,,,,,,,,,
46,8/16/21,10:25:36 AM,311-4,Normal,MA|30|150|5|0.075,25.67,0.24,1.99E-02,25.8,52.8,0.725,203854,0.73,-0.4308273,SOS|-93.66|0.0,0.45,74,0.51,26.91,27.26,27.56,27.84,28.05,28.23,28.38,28.57,28.72,28.86,28.99,29.11,29.18,29.26,29.32,29.36,29.41,29.39,29.36,29.32,29.29,29.21,29.09,28.99,28.9,28.83,28.73,28.6,28.49,28.38,28.25,28.11,27.99,27.92,27.83,27.74,27.7,27.57,27.49,27.38,27.28,27.19,27.06,27.01,26.91,26.87,26.81,26.74,26.68,26.61,26.62,26.56,26.49,26.46,26.41,26.36,26.25,26.16,26.14,26.05,25.99,25.95,25.89,25.89,25.79,25.74,25.69,25.71,25.65,25.61,25.61,25.63,25.65,25.61,,,,,,,,,,,,,,,,,,,,,,,,,,,,,,,,,,,,,,,,,,,,,,,,,,,,,,,,,,,,,,,,,,,,,,,,,,,,,,,,,,,,,,,,,,,,,,,,,,,,,,
47,8/16/21,10:26:24 AM,311-5,Normal,MA|30|150|5|0.075,27.26,0.25,1.36E-02,26,52.8,0.739,203854,0.73,-0.4308273,SOS|-93.66|0.0,0.45,81,0.51,26.03,26.24,26.4,26.64,26.88,27.11,27.31,27.51,27.71,27.89,28.09,28.26,28.41,28.58,28.72,28.86,29.01,29.11,29.23,29.3,29.4,29.47,29.46,29.47,29.5,29.47,29.47,29.43,29.45,29.45,29.42,29.42,29.37,29.39,29.24,29.2,29.1,29.06,29.06,28.97,28.92,28.88,28.85,28.78,28.71,28.66,28.62,28.48,28.46,28.41,28.37,28.31,28.29,28.27,28.15,28.12,28.06,27.99,27.92,27.88,27.83,27.81,27.73,27.72,27.7,27.69,27.67,27.62,27.58,27.54,27.47,27.36,27.33,27.31,27.28,27.26,27.25,27.29,27.22,27.18,27.14,,,,,,,,,,,,,,,,,,,,,,,,,,,,,,,,,,,,,,,,,,,,,,,,,,,,,,,,,,,,,,,,,,,,,,,,,,,,,,,,,,,,,,,,,,,,,,,
48,8/16/21,10:28:36 AM,313-1,Normal,MA|30|150|5|0.075,21.1,0.34,3.09E-02,25.9,52.5,0.761,203854,0.73,-0.4117316,SOS|-93.66|0.0,0.45,121,0.52,-0.08,-0.06,0.05,0.22,0.57,1.11,1.96,2.93,4.04,5.36,6.75,8.12,9.48,10.81,12.2,13.46,14.62,15.77,16.82,17.88,18.78,19.56,20.34,21.05,21.68,22.22,22.71,23.19,23.6,23.97,24.29,24.57,24.84,25.08,25.23,25.35,25.46,25.57,25.59,25.63,25.69,25.71,25.67,25.59,25.57,25.53,25.49,25.42,25.4,25.38,25.33,25.26,25.17,25.11,24.99,24.9,24.79,24.63,24.55,24.42,24.33,24.21,24.09,24.04,23.9,23.81,23.67,23.55,23.5,23.4,23.29,23.25,23.21,23.17,23.08,23.06,23.05,23,22.91,22.86,22.82,22.74,22.69,22.64,22.66,22.58,22.52,22.46,22.41,22.35,22.26,22.24,22.2,22.17,22.13,22.05,22.02,22,21.96,21.91,21.83,21.8,21.74,21.63,21.56,21.53,21.51,21.47,21.43,21.4,21.32,21.27,21.17,21.14,21.07,21.06,21.09,21.06,21.08,21.03,21.07,,,,,,,,,,,,,,,,,,,,,,,,,,,,,,,,,,,,,,,,,,,,,,,,,,,,,,,
49,8/16/21,10:29:29 AM,313-2,Normal,MA|30|150|5|0.075,20.13,0.33,0.0402177,26.1,52.7,0.774,203854,0.73,-0.4117316,SOS|-93.66|0.0,0.45,86,0.51,22.24,22.77,23.35,23.9,24.42,24.78,25.09,25.49,25.84,26.14,26.4,26.64,26.91,27.07,27.21,27.33,27.4,27.4,27.34,27.29,27.18,27.06,26.9,26.73,26.59,26.4,26.18,25.99,25.79,25.66,25.44,25.24,25.08,24.87,24.7,24.44,24.26,24.09,23.91,23.71,23.51,23.37,23.21,23.04,22.86,22.74,22.61,22.49,22.36,22.21,22.13,22.02,21.91,21.8,21.69,21.6,21.52,21.39,21.26,21.14,21.1,21.02,20.94,20.93,20.9,20.9,20.81,20.78,20.7,20.65,20.58,20.53,20.46,20.43,20.38,20.28,20.26,20.2,20.2,20.11,20.08,20.09,20.11,20.09,20.09,20.04,,,,,,,,,,,,,,,,,,,,,,,,,,,,,,,,,,,,,,,,,,,,,,,,,,,,,,,,,,,,,,,,,,,,,,,,,,,,,,,,,,,,,,,,,,
50,8/16/21,10:30:15 AM,313-3,Normal,MA|30|150|5|0.075,21.99,0.32,2.05E-02,26.1,52.6,0.786,203854,0.73,-0.4117316,SOS|-93.66|0.0,0.45,77,0.52,20.25,20.47,20.8,21.21,21.65,22.09,22.45,22.92,23.34,23.77,24.27,24.69,25.08,25.45,25.76,26.03,26.18,26.3,26.44,26.45,26.46,26.47,26.46,26.41,26.3,26.26,26.16,26,25.85,25.73,25.6,25.47,25.34,25.19,25.07,24.93,24.81,24.64,24.49,24.4,24.26,24.09,23.97,23.85,23.7,23.56,23.44,23.35,23.24,23.15,23.14,23.1,22.98,22.93,22.87,22.79,22.68,22.57,22.54,22.49,22.38,22.35,22.25,22.22,22.2,22.15,22.16,22.1,22.1,22.04,21.98,21.96,21.92,21.92,21.93,21.93,21.97,,,,,,,,,,,,,,,,,,,,,,,,,,,,,,,,,,,,,,,,,,,,,,,,,,,,,,,,,,,,,,,,,,,,,,,,,,,,,,,,,,,,,,,,,,,,,,,,,,,
51,8/16/21,10:30:56 AM,313-4,Normal,MA|30|150|5|0.075,23.08,0.32,1.63E-02,26.1,52.6,0.796,203854,0.73,-0.4117316,SOS|-93.66|0.0,0.45,67,0.51,22.04,22.2,22.5,22.85,23.2,23.55,23.9,24.32,24.7,25.06,25.43,25.76,26.01,26.23,26.39,26.55,26.66,26.73,26.77,26.77,26.77,26.72,26.66,26.57,26.49,26.41,26.28,26.16,26.05,25.93,25.79,25.64,25.52,25.43,25.27,25.17,25.05,24.96,24.86,24.71,24.6,24.5,24.39,24.28,24.13,24.02,23.94,23.84,23.77,23.67,23.6,23.59,23.5,23.42,23.33,23.31,23.27,23.19,23.16,23.13,23.11,23.1,23.09,23.05,23.02,22.98,22.98,,,,,,,,,,,,,,,,,,,,,,,,,,,,,,,,,,,,,,,,,,,,,,,,,,,,,,,,,,,,,,,,,,,,,,,,,,,,,,,,,,,,,,,,,,,,,,,,,,,,,,,,,,,,,
52,8/16/21,10:31:48 AM,313-5,Normal,MA|30|150|5|0.075,21.75,0.3,3.51E-02,26.2,52.3,0.81,203854,0.73,-0.4117316,SOS|-93.66|0.0,0.45,83,0.51,24.45,24.97,25.51,25.95,26.28,26.58,26.83,27.14,27.37,27.64,27.86,28.06,28.17,28.28,28.36,28.4,28.4,28.34,28.26,28.17,28,27.85,27.67,27.53,27.37,27.16,27.02,26.81,26.68,26.45,26.27,26.09,25.91,25.7,25.51,25.34,25.19,25.02,24.86,24.71,24.55,24.39,24.22,24.05,23.89,23.76,23.61,23.49,23.37,23.31,23.24,23.19,23.13,23.03,22.98,22.88,22.82,22.71,22.6,22.57,22.49,22.42,22.34,22.31,22.27,22.24,22.21,22.19,22.15,22.11,22.07,22.04,21.97,21.87,21.84,21.78,21.73,21.71,21.68,21.73,21.68,21.72,21.71,,,,,,,,,,,,,,,,,,,,,,,,,,,,,,,,,,,,,,,,,,,,,,,,,,,,,,,,,,,,,,,,,,,,,,,,,,,,,,,,,,,,,,,,,,,,,
53,8/16/21,10:33:55 AM,320-1,Normal,MA|30|150|5|0.075,24.88,0.06,5.86E-05,26.2,52.2,0.829,203854,0.73,-0.4117316,SOS|-93.66|0.0,0.45,59,0.51,6.23,6.24,6.24,6.28,6.37,6.65,7.06,7.62,8.38,9.27,10.4,11.52,12.63,13.71,14.75,15.8,16.7,17.52,18.27,19.04,19.73,20.27,20.78,21.24,21.68,22.09,22.42,22.75,23.02,23.33,23.53,23.68,23.89,24.05,24.2,24.3,24.35,24.45,24.54,24.65,24.71,24.76,24.85,24.92,24.92,24.91,24.92,24.89,24.95,24.88,24.86,24.88,24.87,24.9,24.85,24.9,24.88,24.86,24.86,,,,,,,,,,,,,,,,,,,,,,,,,,,,,,,,,,,,,,,,,,,,,,,,,,,,,,,,,,,,,,,,,,,,,,,,,,,,,,,,,,,,,,,,,,,,,,,,,,,,,,,,,,,,,,,,,,,,,
54,8/16/21,10:34:34 AM,320-2,Normal,MA|30|150|5|0.075,26.8,0.08,7.20E-03,26.2,52.5,0.84,203854,0.73,-0.4117316,SOS|-93.66|0.0,0.45,59,0.51,25.75,26.21,26.53,26.87,27.17,27.4,27.62,27.78,27.99,28.21,28.37,28.52,28.67,28.82,28.92,28.98,29.04,29.04,29.02,28.94,28.88,28.82,28.72,28.65,28.52,28.45,28.33,28.2,28.08,27.99,27.91,27.76,27.68,27.59,27.48,27.36,27.27,27.21,27.09,26.99,26.96,26.87,26.82,26.81,26.79,26.84,26.79,26.79,26.78,26.75,26.77,26.8,26.81,26.82,26.83,26.8,26.79,26.79,26.79,,,,,,,,,,,,,,,,,,,,,,,,,,,,,,,,,,,,,,,,,,,,,,,,,,,,,,,,,,,,,,,,,,,,,,,,,,,,,,,,,,,,,,,,,,,,,,,,,,,,,,,,,,,,,,,,,,,,,
55,8/16/21,10:35:22 AM,320-3,Normal,MA|30|150|5|0.075,26.21,0.25,1.83E-02,26.2,52.6,0.854,203854,0.73,-0.4117316,SOS|-93.66|0.0,0.45,76,0.51,27.42,27.7,27.99,28.23,28.46,28.61,28.75,28.9,29.02,29.14,29.23,29.36,29.45,29.53,29.59,29.63,29.62,29.62,29.59,29.49,29.43,29.34,29.25,29.15,29.06,28.97,28.86,28.78,28.7,28.58,28.5,28.41,28.31,28.22,28.08,28.01,27.9,27.85,27.75,27.68,27.69,27.61,27.58,27.51,27.44,27.34,27.26,27.19,27.12,27.08,27.08,27.07,27.01,26.98,26.92,26.84,26.77,26.73,26.69,26.63,26.63,26.61,26.56,26.49,26.45,26.41,26.34,26.3,26.24,26.24,26.18,26.19,26.17,26.17,26.16,26.14,,,,,,,,,,,,,,,,,,,,,,,,,,,,,,,,,,,,,,,,,,,,,,,,,,,,,,,,,,,,,,,,,,,,,,,,,,,,,,,,,,,,,,,,,,,,,,,,,,,,
56,8/16/21,10:36:00 AM,320-4,Normal,MA|30|150|5|0.075,28.26,0.24,3.41E-03,26.1,52.8,0.865,203854,0.73,-0.4117316,SOS|-93.66|0.0,0.45,62,0.51,26.19,26.37,26.56,26.79,27.06,27.33,27.51,27.68,27.91,28.14,28.29,28.46,28.6,28.73,28.85,28.89,28.93,28.94,28.96,28.95,28.98,28.96,28.96,28.94,28.97,28.93,28.9,28.91,28.91,28.89,28.77,28.74,28.74,28.72,28.69,28.75,28.75,28.73,28.7,28.76,28.75,28.68,28.68,28.6,28.52,28.51,28.5,28.52,28.48,28.44,28.47,28.43,28.4,28.33,28.29,28.3,28.25,28.21,28.21,28.23,28.23,28.19,,,,,,,,,,,,,,,,,,,,,,,,,,,,,,,,,,,,,,,,,,,,,,,,,,,,,,,,,,,,,,,,,,,,,,,,,,,,,,,,,,,,,,,,,,,,,,,,,,,,,,,,,,,,,,,,,,
57,8/16/21,10:36:47 AM,320-5,Normal,MA|30|150|5|0.075,26.54,0.28,1.78E-02,26.2,52.7,0.88,203854,0.73,-0.4117316,SOS|-93.66|0.0,0.45,76,0.51,28.56,28.74,28.93,29.2,29.39,29.48,29.59,29.7,29.8,29.88,29.9,29.99,30.02,30.04,30.01,29.95,29.98,29.89,29.81,29.73,29.63,29.53,29.39,29.29,29.21,29.06,28.96,28.89,28.8,28.71,28.56,28.48,28.39,28.28,28.2,28.11,28.06,28,27.96,27.83,27.76,27.72,27.63,27.58,27.48,27.48,27.48,27.41,27.37,27.3,27.28,27.21,27.06,27.05,27.02,26.99,27,26.98,26.98,26.91,26.86,26.83,26.78,26.74,26.73,26.68,26.68,26.64,26.6,26.56,26.5,26.51,26.5,26.46,26.49,26.49,,,,,,,,,,,,,,,,,,,,,,,,,,,,,,,,,,,,,,,,,,,,,,,,,,,,,,,,,,,,,,,,,,,,,,,,,,,,,,,,,,,,,,,,,,,,,,,,,,,,
58,8/16/21,10:39:14 AM,312-1,Normal,MA|30|150|5|0.075,24.2,0.31,4.07E-02,26.1,52.1,0.91,203854,0.73,-0.4117316,SOS|-93.66|0.0,0.45,141,0.52,7.01,6.92,6.95,7.02,7.16,7.53,7.98,8.65,9.41,10.35,11.42,12.46,13.52,14.5,15.65,16.71,17.68,18.63,19.61,20.56,21.34,22.07,22.79,23.48,24.1,24.66,25.17,25.65,26.1,26.48,26.82,27.13,27.41,27.61,27.81,27.97,28.14,28.29,28.42,28.53,28.59,28.66,28.69,28.74,28.76,28.8,28.82,28.83,28.81,28.73,28.73,28.68,28.72,28.64,28.58,28.6,28.47,28.43,28.36,28.29,28.25,28.16,28.12,28.07,28,27.9,27.83,27.78,27.71,27.61,27.6,27.59,27.53,27.45,27.37,27.29,27.22,27.13,27.05,26.97,26.9,26.83,26.78,26.7,26.62,26.59,26.57,26.53,26.41,26.38,26.27,26.18,26.07,26,26,25.9,25.88,25.83,25.79,25.7,25.66,25.59,25.58,25.51,25.49,25.44,25.41,25.39,25.31,25.3,25.22,25.21,25.08,25.04,25.01,24.98,24.97,24.92,24.89,24.86,24.78,24.72,24.63,24.59,24.57,24.54,24.54,24.49,24.47,24.45,24.4,24.33,24.26,24.27,24.24,24.19,24.18,24.17,24.17,24.12,24.07,,,,,,,,,,,,,,,,,,,,,,,,,,,,,,,,,,,
59,8/16/21,10:39:56 AM,312-2,Normal,MA|30|150|5|0.075,24.11,0.29,1.65E-02,26.1,52,0.922,203854,0.73,-0.4117316,SOS|-93.66|0.0,0.45,64,0.51,24.81,25.21,25.59,25.85,26.15,26.34,26.5,26.72,26.91,27.15,27.3,27.44,27.61,27.72,27.84,27.88,27.96,28.02,28.02,27.99,27.9,27.83,27.76,27.59,27.49,27.32,27.2,27.08,26.91,26.8,26.62,26.54,26.36,26.2,26.04,25.87,25.78,25.65,25.58,25.47,25.32,25.23,25.08,24.95,24.81,24.71,24.66,24.56,24.52,24.42,24.41,24.36,24.29,24.3,24.23,24.21,24.15,24.07,24.06,24.05,24.04,24.06,24.08,24.15,,,,,,,,,,,,,,,,,,,,,,,,,,,,,,,,,,,,,,,,,,,,,,,,,,,,,,,,,,,,,,,,,,,,,,,,,,,,,,,,,,,,,,,,,,,,,,,,,,,,,,,,,,,,,,,,
60,8/16/21,10:40:41 AM,312-3,Normal,MA|30|150|5|0.075,23.89,0.23,1.69E-02,25.9,51.9,0.934,203854,0.73,-0.4117316,SOS|-93.66|0.0,0.45,76,0.51,24.87,25.07,25.28,25.45,25.71,25.91,26.03,26.22,26.38,26.58,26.73,26.84,27,27.07,27.14,27.2,27.2,27.24,27.16,27.07,27,26.9,26.82,26.63,26.49,26.41,26.26,26.13,25.99,25.92,25.81,25.73,25.68,25.61,25.57,25.5,25.51,25.46,25.41,25.38,25.31,25.29,25.2,25.15,25.12,25.07,25.04,24.95,24.89,24.83,24.74,24.69,24.59,24.56,24.51,24.47,24.39,24.36,24.33,24.33,24.33,24.25,24.26,24.21,24.17,24.08,24,23.96,23.91,23.9,23.86,23.84,23.86,23.86,23.87,23.83,,,,,,,,,,,,,,,,,,,,,,,,,,,,,,,,,,,,,,,,,,,,,,,,,,,,,,,,,,,,,,,,,,,,,,,,,,,,,,,,,,,,,,,,,,,,,,,,,,,,
61,8/16/21,10:41:26 AM,312-4,Normal,MA|30|150|5|0.075,23.82,0.27,0.0158213,25.9,51.9,0.946,203854,0.73,-0.4117316,SOS|-93.66|0.0,0.45,72,0.51,24.27,24.57,24.9,25.17,25.45,25.7,25.93,26.11,26.28,26.49,26.64,26.8,26.88,27.03,27.12,27.16,27.21,27.22,27.15,27.06,26.95,26.89,26.76,26.63,26.58,26.47,26.38,26.24,26.17,26.07,25.93,25.87,25.8,25.7,25.62,25.58,25.53,25.5,25.44,25.4,25.3,25.19,25.11,25,24.9,24.84,24.72,24.67,24.58,24.54,24.49,24.4,24.4,24.33,24.27,24.17,24.12,24.05,24.01,23.99,23.99,23.97,23.94,23.93,23.85,23.81,23.8,23.77,23.76,23.78,23.78,23.81,,,,,,,,,,,,,,,,,,,,,,,,,,,,,,,,,,,,,,,,,,,,,,,,,,,,,,,,,,,,,,,,,,,,,,,,,,,,,,,,,,,,,,,,,,,,,,,,,,,,,,,,
62,8/16/21,10:42:21 AM,312-5,Normal,MA|30|150|5|0.075,22.83,0.31,2.87E-02,26,51.7,0.961,203854,0.73,-0.4117316,SOS|-93.66|0.0,0.45,95,0.52,23.99,24.19,24.47,24.75,25.05,25.32,25.52,25.81,26.03,26.33,26.52,26.73,26.91,27.09,27.21,27.24,27.28,27.29,27.34,27.28,27.29,27.23,27.2,27.14,26.99,26.96,26.82,26.7,26.61,26.48,26.43,26.24,26.12,26.03,25.93,25.87,25.73,25.66,25.63,25.56,25.41,25.3,25.23,25.15,25.02,24.95,24.91,24.88,24.8,24.77,24.7,24.63,24.57,24.51,24.46,24.38,24.3,24.27,24.18,24.16,24.08,24.02,24.01,23.94,23.9,23.8,23.76,23.74,23.69,23.66,23.65,23.6,23.56,23.53,23.51,23.49,23.45,23.41,23.35,23.31,23.23,23.17,23.12,23.05,23.04,22.96,22.94,22.87,22.82,22.82,22.77,22.77,22.77,22.78,22.78,,,,,,,,,,,,,,,,,,,,,,,,,,,,,,,,,,,,,,,,,,,,,,,,,,,,,,,,,,,,,,,,,,,,,,,,,,,,,,,,,
63,8/16/21,10:44:58 AM,298-1,Normal,MA|30|150|5|0.075,18.86,0.3,4.11E-02,26,51.9,0.988,203854,0.73,-0.4117316,SOS|-93.66|0.0,0.45,137,0.52,6.97,6.77,6.66,6.59,6.58,6.8,7.16,7.64,8.23,8.98,9.93,10.81,11.71,12.65,13.66,14.62,15.5,16.33,17.15,17.93,18.57,19.13,19.61,20.17,20.6,20.98,21.32,21.59,21.86,22.11,22.4,22.64,22.81,23,23.13,23.28,23.34,23.42,23.48,23.53,23.58,23.6,23.62,23.61,23.61,23.61,23.59,23.55,23.55,23.55,23.53,23.42,23.34,23.31,23.29,23.2,23.16,23.12,23.08,22.99,22.88,22.83,22.75,22.63,22.59,22.52,22.45,22.34,22.28,22.27,22.15,22.11,22.06,22.01,21.94,21.82,21.76,21.71,21.59,21.55,21.47,21.44,21.37,21.29,21.25,21.19,21.14,21.05,20.96,20.9,20.82,20.7,20.69,20.64,20.6,20.52,20.47,20.44,20.32,20.26,20.24,20.18,20.11,20.08,20.04,19.98,19.89,19.81,19.76,19.7,19.62,19.58,19.53,19.52,19.48,19.43,19.42,19.36,19.35,19.25,19.19,19.14,19.13,19.13,19.06,19.07,19.05,18.99,18.92,18.87,18.85,18.81,18.83,18.86,18.85,18.83,18.8,,,,,,,,,,,,,,,,,,,,,,,,,,,,,,,,,,,,,,,
64,8/16/21,10:45:43 AM,298-2,Normal,MA|30|150|5|0.075,23.95,0.23,3.23E-03,26,51.7,0.999,203854,0.73,-0.4117316,SOS|-93.66|0.0,0.45,68,0.51,19.63,19.99,20.37,20.69,20.96,21.21,21.36,21.61,21.77,22,22.21,22.41,22.59,22.81,23.01,23.21,23.42,23.59,23.81,23.97,24.14,24.3,24.39,24.51,24.55,24.6,24.67,24.68,24.72,24.73,24.74,24.73,24.71,24.66,24.66,24.64,24.67,24.64,24.63,24.66,24.66,24.64,24.63,24.62,24.62,24.56,24.45,24.43,24.39,24.41,24.4,24.39,24.35,24.31,24.29,24.21,24.15,24.14,24.05,24.04,23.98,23.94,23.91,23.88,23.92,23.93,23.91,23.94,,,,,,,,,,,,,,,,,,,,,,,,,,,,,,,,,,,,,,,,,,,,,,,,,,,,,,,,,,,,,,,,,,,,,,,,,,,,,,,,,,,,,,,,,,,,,,,,,,,,,,,,,,,,
65,8/16/21,10:46:28 AM,298-3,Normal,MA|30|150|5|0.075,23.22,0.32,1.39E-02,26.1,51.5,1.011,203854,0.73,-0.4117316,SOS|-93.66|0.0,0.45,76,0.52,23.75,23.75,23.82,23.87,23.94,24.07,24.13,24.19,24.25,24.37,24.5,24.56,24.67,24.81,24.94,25.06,25.12,25.25,25.33,25.38,25.46,25.46,25.46,25.44,25.44,25.42,25.38,25.4,25.41,25.41,25.38,25.38,25.36,25.23,25.11,25.04,24.99,24.91,24.86,24.81,24.72,24.68,24.59,24.55,24.48,24.44,24.38,24.31,24.3,24.23,24.15,24.05,24.01,23.94,23.84,23.76,23.75,23.69,23.65,23.59,23.55,23.5,23.44,23.44,23.41,23.41,23.34,23.31,23.27,23.26,23.23,23.17,23.2,23.21,23.16,23.09,,,,,,,,,,,,,,,,,,,,,,,,,,,,,,,,,,,,,,,,,,,,,,,,,,,,,,,,,,,,,,,,,,,,,,,,,,,,,,,,,,,,,,,,,,,,,,,,,,,,
66,8/16/21,10:47:22 AM,298-4,Normal,MA|30|150|5|0.075,24.35,0.25,8.38E-03,25.9,51.8,1.025,203854,0.73,-0.4117316,SOS|-93.66|0.0,0.45,70,0.51,24.51,24.55,24.63,24.71,24.75,24.84,24.86,24.96,25,25.04,25.12,25.15,25.27,25.32,25.4,25.47,25.52,25.59,25.6,25.65,25.68,25.72,25.74,25.77,25.8,25.81,25.82,25.77,25.75,25.73,25.72,25.69,25.59,25.62,25.57,25.52,25.49,25.47,25.44,25.38,25.35,25.33,25.27,25.24,25.13,25.11,25.08,25.05,25.03,24.95,24.97,24.92,24.85,24.74,24.71,24.7,24.62,24.55,24.53,24.54,24.47,24.42,24.38,24.37,24.38,24.34,24.33,24.3,24.29,24.27,,,,,,,,,,,,,,,,,,,,,,,,,,,,,,,,,,,,,,,,,,,,,,,,,,,,,,,,,,,,,,,,,,,,,,,,,,,,,,,,,,,,,,,,,,,,,,,,,,,,,,,,,,
67,8/16/21,10:47:58 AM,298-5,Normal,MA|30|150|5|0.075,27.33,0.23,2.49E-04,26,51.8,1.035,203854,0.73,-0.4117316,SOS|-93.66|0.0,0.45,59,0.51,23.98,24.05,24.14,24.26,24.41,24.55,24.61,24.72,24.85,24.95,25.05,25.19,25.32,25.46,25.58,25.75,25.91,26.03,26.21,26.34,26.49,26.58,26.7,26.84,26.91,27.03,27.1,27.2,27.24,27.26,27.31,27.34,27.36,27.44,27.48,27.52,27.5,27.49,27.51,27.46,27.46,27.42,27.48,27.48,27.46,27.46,27.46,27.46,27.43,27.42,27.45,27.33,27.3,27.3,27.28,27.3,27.26,27.28,27.37,,,,,,,,,,,,,,,,,,,,,,,,,,,,,,,,,,,,,,,,,,,,,,,,,,,,,,,,,,,,,,,,,,,,,,,,,,,,,,,,,,,,,,,,,,,,,,,,,,,,,,,,,,,,,,,,,,,,,
68,8/16/21,10:51:21 AM,304-1,Normal,MA|30|150|5|0.075,17.23,0.4,7.82E-03,26.3,51.9,1.055,203854,0.73,-0.4117316,SOS|-93.66|0.0,0.45,87,0.52,0.93,0.89,0.95,1.1,1.37,1.75,2.28,2.89,3.62,4.55,5.55,6.54,7.54,8.64,9.72,10.61,11.44,12.27,13.08,13.75,14.36,14.93,15.48,15.96,16.31,16.67,16.97,17.25,17.47,17.68,17.92,18.1,18.24,18.35,18.48,18.53,18.55,18.6,18.6,18.65,18.61,18.59,18.59,18.56,18.58,18.56,18.58,18.57,18.57,18.57,18.58,18.56,18.53,18.56,18.55,18.52,18.42,18.37,18.37,18.29,18.26,18.23,18.1,18.07,18,17.95,17.91,17.9,17.86,17.82,17.77,17.7,17.63,17.53,17.5,17.45,17.39,17.36,17.28,17.3,17.25,17.21,17.21,17.19,17.21,17.14,17.14,,,,,,,,,,,,,,,,,,,,,,,,,,,,,,,,,,,,,,,,,,,,,,,,,,,,,,,,,,,,,,,,,,,,,,,,,,,,,,,,,,,,,,,,,
69,8/16/21,10:52:07 AM,304-2,Normal,MA|30|150|5|0.075,21.89,0.28,9.32E-03,26.2,51.5,1.066,203854,0.73,-0.4117316,SOS|-93.66|0.0,0.45,70,0.51,18.98,19.56,20.15,20.56,20.94,21.28,21.52,21.83,22.08,22.35,22.57,22.8,23.04,23.21,23.41,23.62,23.78,23.89,23.99,24.06,24.08,24.06,24.06,24.04,24.01,24.01,24.01,23.96,23.97,23.88,23.84,23.77,23.68,23.61,23.55,23.47,23.36,23.23,23.12,23.09,22.96,22.92,22.88,22.83,22.79,22.73,22.72,22.64,22.55,22.51,22.46,22.35,22.3,22.29,22.24,22.2,22.17,22.14,22.1,22.03,21.99,21.98,21.91,21.87,21.84,21.84,21.81,21.83,21.87,21.91,,,,,,,,,,,,,,,,,,,,,,,,,,,,,,,,,,,,,,,,,,,,,,,,,,,,,,,,,,,,,,,,,,,,,,,,,,,,,,,,,,,,,,,,,,,,,,,,,,,,,,,,,,
70,8/16/21,10:52:58 AM,304-3,Normal,MA|30|150|5|0.075,20.67,0.36,2.65E-02,26.2,51.6,1.078,203854,0.73,-0.4117316,SOS|-93.66|0.0,0.45,80,0.51,22.7,22.96,23.28,23.51,23.75,23.92,24.02,24.23,24.4,24.56,24.69,24.84,24.97,25.09,25.12,25.19,25.21,25.27,25.25,25.18,25.15,25.12,25.06,24.92,24.88,24.8,24.69,24.54,24.44,24.33,24.13,24.01,23.91,23.77,23.63,23.45,23.35,23.2,23.05,22.97,22.86,22.81,22.71,22.62,22.52,22.38,22.28,22.17,22.1,21.99,21.91,21.87,21.82,21.71,21.65,21.63,21.6,21.53,21.47,21.42,21.36,21.26,21.19,21.16,21.1,21.07,21.02,20.99,20.94,20.86,20.79,20.75,20.73,20.7,20.66,20.66,20.61,20.61,20.59,20.57,,,,,,,,,,,,,,,,,,,,,,,,,,,,,,,,,,,,,,,,,,,,,,,,,,,,,,,,,,,,,,,,,,,,,,,,,,,,,,,,,,,,,,,,,,,,,,,,
71,8/16/21,10:53:44 AM,304-4,Normal,MA|30|150|5|0.075,22.84,0.32,1.31E-02,26.2,51.6,1.09,203854,0.73,-0.4117316,SOS|-93.66|0.0,0.45,76,0.52,20.9,21.21,21.51,21.86,22.17,22.42,22.62,22.86,23.14,23.4,23.65,23.88,24.12,24.36,24.56,24.69,24.85,25.01,25.12,25.24,25.28,25.36,25.39,25.45,25.45,25.37,25.38,25.3,25.27,25.16,25.07,25.06,24.96,24.91,24.86,24.79,24.74,24.63,24.57,24.53,24.38,24.32,24.27,24.17,24.09,24.03,23.97,23.93,23.84,23.81,23.77,23.69,23.64,23.53,23.47,23.43,23.34,23.28,23.22,23.21,23.18,23.12,23.09,23.09,23.04,22.98,22.94,22.93,22.92,22.83,22.81,22.81,22.81,22.79,22.77,22.73,,,,,,,,,,,,,,,,,,,,,,,,,,,,,,,,,,,,,,,,,,,,,,,,,,,,,,,,,,,,,,,,,,,,,,,,,,,,,,,,,,,,,,,,,,,,,,,,,,,,
72,8/16/21,10:54:24 AM,304-5,Normal,MA|30|150|5|0.075,22.75,0.28,1.16E-02,26.1,51.5,1.1,203854,0.73,-0.4117316,SOS|-93.66|0.0,0.45,64,0.51,22.89,23.05,23.28,23.54,23.78,23.95,24.12,24.3,24.49,24.63,24.8,24.93,25.08,25.19,25.3,25.36,25.44,25.46,25.44,25.46,25.39,25.38,25.31,25.24,25.14,25.09,25.03,24.89,24.81,24.72,24.63,24.46,24.37,24.3,24.19,24.09,24.04,23.98,23.92,23.82,23.73,23.67,23.56,23.47,23.38,23.29,23.25,23.15,23.09,23.04,22.94,22.93,22.87,22.87,22.86,22.81,22.79,22.74,22.75,22.68,22.65,22.7,22.73,22.75,,,,,,,,,,,,,,,,,,,,,,,,,,,,,,,,,,,,,,,,,,,,,,,,,,,,,,,,,,,,,,,,,,,,,,,,,,,,,,,,,,,,,,,,,,,,,,,,,,,,,,,,,,,,,,,,
73,8/16/21,10:57:08 AM,306-1,Normal,MA|30|150|5|0.075,18.96,0.32,4.56E-02,26.1,51.6,1.124,203854,0.73,-0.4117316,SOS|-93.66|0.0,0.45,127,0.52,3.14,3.36,3.75,4.28,5.03,5.88,6.82,7.95,9.13,10.27,11.36,12.53,13.68,14.75,15.71,16.63,17.59,18.42,19.16,19.84,20.53,21.18,21.67,22.17,22.58,22.93,23.21,23.49,23.73,23.88,24.11,24.26,24.39,24.43,24.51,24.57,24.55,24.58,24.57,24.56,24.54,24.55,24.53,24.47,24.47,24.48,24.37,24.28,24.25,24.17,24.06,23.95,23.86,23.79,23.66,23.57,23.52,23.41,23.32,23.23,23.14,23.1,22.95,22.89,22.79,22.7,22.59,22.45,22.41,22.3,22.25,22.18,22.12,22.05,21.95,21.87,21.77,21.71,21.6,21.51,21.46,21.37,21.32,21.23,21.18,21.15,21.01,20.92,20.81,20.69,20.63,20.57,20.55,20.49,20.39,20.36,20.28,20.18,20.14,20.11,20.08,20.04,19.99,19.96,19.85,19.8,19.71,19.64,19.57,19.49,19.49,19.46,19.42,19.33,19.28,19.21,19.16,19.06,19.03,19.02,18.98,18.96,18.92,18.93,18.91,18.91,18.88,,,,,,,,,,,,,,,,,,,,,,,,,,,,,,,,,,,,,,,,,,,,,,,,,
74,8/16/21,10:58:08 AM,306-2,Normal,MA|30|150|5|0.075,16.85,0.38,4.29E-02,26.1,51.5,1.137,203854,0.73,-0.4117316,SOS|-93.66|0.0,0.45,97,0.52,20.38,20.82,21.26,21.67,21.95,22.22,22.37,22.66,22.87,23.08,23.28,23.44,23.59,23.68,23.74,23.78,23.82,23.75,23.74,23.64,23.57,23.41,23.29,23.15,23.01,22.83,22.68,22.51,22.38,22.23,22.05,21.88,21.7,21.57,21.36,21.17,21.03,20.86,20.69,20.49,20.33,20.21,20.06,19.93,19.82,19.74,19.64,19.52,19.41,19.32,19.21,19.1,19.02,18.88,18.81,18.72,18.61,18.51,18.42,18.38,18.25,18.2,18.11,18.06,17.92,17.86,17.85,17.75,17.75,17.7,17.7,17.7,17.62,17.58,17.55,17.47,17.38,17.31,17.31,17.31,17.24,17.25,17.27,17.22,17.17,17.08,17.07,17,16.91,16.87,16.82,16.85,16.82,16.8,16.83,16.81,16.78,,,,,,,,,,,,,,,,,,,,,,,,,,,,,,,,,,,,,,,,,,,,,,,,,,,,,,,,,,,,,,,,,,,,,,,,,,,,,,,
75,8/16/21,10:58:56 AM,306-3,Normal,MA|30|150|5|0.075,16.22,0.37,3.08E-02,26.3,52,1.146,203854,0.73,-0.4117316,SOS|-93.66|0.0,0.45,82,0.52,17.04,17.36,17.8,18.28,18.82,19.34,19.8,20.26,20.73,21.17,21.57,21.86,22.13,22.32,22.4,22.42,22.44,22.37,22.34,22.25,22.2,22.05,21.91,21.78,21.58,21.39,21.2,21.02,20.82,20.61,20.44,20.26,20.06,19.9,19.69,19.55,19.38,19.2,19.06,18.93,18.78,18.68,18.51,18.41,18.28,18.11,18.02,17.88,17.84,17.75,17.65,17.6,17.51,17.39,17.27,17.2,17.09,17.01,16.95,16.89,16.87,16.76,16.73,16.71,16.65,16.64,16.57,16.56,16.52,16.48,16.44,16.39,16.32,16.3,16.27,16.19,16.21,16.16,16.2,16.16,16.19,16.17,,,,,,,,,,,,,,,,,,,,,,,,,,,,,,,,,,,,,,,,,,,,,,,,,,,,,,,,,,,,,,,,,,,,,,,,,,,,,,,,,,,,,,,,,,,,,,
76,8/16/21,10:59:52 AM,306-4,Normal,MA|30|150|5|0.075,18.46,0.29,3.45E-02,26.2,51.9,1.159,203854,0.73,-0.4117316,SOS|-93.66|0.0,0.45,91,0.52,18.24,18.92,19.55,20.13,20.63,21.09,21.39,21.77,22.15,22.52,22.85,23.12,23.4,23.66,23.88,24.04,24.17,24.26,24.35,24.33,24.36,24.34,24.3,24.24,24.13,24.07,23.95,23.83,23.72,23.6,23.49,23.38,23.22,23.1,22.97,22.81,22.7,22.53,22.42,22.29,22.12,22.01,21.85,21.73,21.57,21.42,21.26,21.1,20.95,20.81,20.71,20.54,20.48,20.38,20.26,20.17,20.07,20.02,19.91,19.82,19.73,19.66,19.57,19.46,19.41,19.31,19.25,19.12,19.08,19.04,18.95,18.93,18.88,18.87,18.83,18.81,18.82,18.77,18.74,18.7,18.66,18.59,18.52,18.47,18.44,18.45,18.43,18.41,18.43,18.44,18.44,,,,,,,,,,,,,,,,,,,,,,,,,,,,,,,,,,,,,,,,,,,,,,,,,,,,,,,,,,,,,,,,,,,,,,,,,,,,,,,,,,,,,
77,8/16/21,11:00:48 AM,306-5,Normal,MA|30|150|5|0.075,21.94,0.33,2.31E-02,26.2,51.8,1.172,203854,0.73,-0.4117316,SOS|-93.66|0.0,0.45,94,0.52,19.19,19.61,20.08,20.6,21.1,21.5,21.84,22.28,22.73,23.15,23.52,23.94,24.38,24.77,25.09,25.34,25.55,25.77,25.9,26.01,26.11,26.17,26.22,26.17,26.09,26.03,25.93,25.86,25.79,25.71,25.66,25.54,25.43,25.31,25.2,25.04,24.95,24.82,24.74,24.66,24.55,24.52,24.38,24.32,24.24,24.08,24.01,23.91,23.82,23.73,23.64,23.6,23.54,23.51,23.44,23.37,23.32,23.27,23.18,23.1,23.08,23.04,22.97,22.92,22.86,22.8,22.71,22.64,22.62,22.57,22.58,22.53,22.54,22.52,22.42,22.42,22.36,22.33,22.29,22.27,22.28,22.23,22.19,22.13,22.07,22.05,22.01,21.94,21.92,21.9,21.88,21.87,21.88,21.92,,,,,,,,,,,,,,,,,,,,,,,,,,,,,,,,,,,,,,,,,,,,,,,,,,,,,,,,,,,,,,,,,,,,,,,,,,,,,,,,,,
79,8/16/21,11:48:06 AM,310-1,Normal,MA|30|150|5|0.075,25.75,0.23,1.82E-02,26.5,49,1.213,203854,0.73,-0.2544246,SOS|-93.66|0.0,0.45,122,0.51,0.14,0.41,0.83,1.37,2.1,3.02,4.1,5.38,6.66,7.95,9.28,10.67,12.03,13.27,14.47,15.67,16.89,17.92,18.91,19.82,20.71,21.56,22.3,22.97,23.63,24.24,24.75,25.22,25.6,26.03,26.3,26.64,26.93,27.18,27.39,27.58,27.73,27.88,27.95,28.05,28.14,28.19,28.29,28.33,28.41,28.45,28.47,28.52,28.51,28.48,28.41,28.38,28.36,28.31,28.24,28.24,28.19,28.18,28.13,28.09,28.07,28.01,28,27.88,27.85,27.74,27.69,27.65,27.63,27.61,27.53,27.51,27.45,27.43,27.35,27.26,27.23,27.14,27.1,27.01,26.96,26.95,26.91,26.87,26.84,26.76,26.71,26.69,26.6,26.59,26.59,26.58,26.52,26.43,26.42,26.37,26.29,26.26,26.23,26.23,26.22,26.18,26.13,26.11,26.1,26.05,26.01,25.98,25.98,25.96,25.9,25.9,25.85,25.85,25.79,25.71,25.73,25.71,25.72,25.69,25.71,25.72,,,,,,,,,,,,,,,,,,,,,,,,,,,,,,,,,,,,,,,,,,,,,,,,,,,,,,
81,8/16/21,11:53:52 AM,310-2,Normal,MA|30|150|5|0.075,32.8,0.23,2.61E-06,26.5,48.7,1.249,203854,0.73,-0.2221831,SOS|-93.66|0.0,0.45,68,0.51,1.43,2.41,3.7,5.13,6.71,8.15,9.51,11.01,12.34,13.7,14.98,16.28,17.48,18.51,19.55,20.48,21.43,22.26,22.98,23.72,24.38,25.08,25.64,26.17,26.68,27.11,27.56,27.92,28.28,28.62,28.92,29.25,29.51,29.77,29.99,30.22,30.47,30.67,30.88,31.07,31.29,31.47,31.57,31.66,31.78,31.88,31.95,32.01,32.08,32.17,32.2,32.31,32.3,32.34,32.43,32.46,32.54,32.55,32.64,32.74,32.75,32.8,32.83,32.82,32.88,32.86,32.87,32.86,,,,,,,,,,,,,,,,,,,,,,,,,,,,,,,,,,,,,,,,,,,,,,,,,,,,,,,,,,,,,,,,,,,,,,,,,,,,,,,,,,,,,,,,,,,,,,,,,,,,,,,,,,,,
82,8/16/21,11:54:34 AM,310-3,Normal,MA|30|150|5|0.075,33.7,0.22,5.24E-03,26.5,48.7,1.264,203854,0.73,-0.2221831,SOS|-93.66|0.0,0.45,70,0.51,32.71,32.73,32.77,32.82,32.91,32.96,33.01,33.05,33.11,33.17,33.21,33.35,33.44,33.55,33.63,33.82,33.95,34,34.09,34.15,34.26,34.35,34.41,34.54,34.59,34.66,34.68,34.67,34.69,34.71,34.73,34.73,34.75,34.79,34.76,34.69,34.69,34.72,34.7,34.67,34.68,34.66,34.56,34.45,34.43,34.37,34.4,34.36,34.31,34.33,34.28,34.29,34.17,34.16,34.16,34.11,34.11,34.05,34.03,33.97,33.84,33.82,33.72,33.69,33.67,33.67,33.69,33.65,33.65,33.62,,,,,,,,,,,,,,,,,,,,,,,,,,,,,,,,,,,,,,,,,,,,,,,,,,,,,,,,,,,,,,,,,,,,,,,,,,,,,,,,,,,,,,,,,,,,,,,,,,,,,,,,,,
83,8/16/21,11:55:20 AM,310-4,Normal,MA|30|150|5|0.075,31.14,0.22,2.09E-02,26.5,48.5,1.28,203854,0.73,-0.2221831,SOS|-93.66|0.0,0.45,80,0.51,33.4,33.36,33.33,33.31,33.28,33.33,33.35,33.43,33.46,33.53,33.59,33.62,33.71,33.75,33.9,33.95,34.04,34.12,34.19,34.22,34.21,34.26,34.28,34.25,34.27,34.32,34.29,34.25,34.2,34.2,34.17,33.97,33.93,33.83,33.73,33.64,33.58,33.56,33.44,33.39,33.33,33.3,33.17,33.03,32.96,32.87,32.77,32.64,32.62,32.54,32.5,32.43,32.36,32.28,32.2,32.18,32.08,32.01,31.93,31.91,31.85,31.77,31.8,31.72,31.71,31.65,31.58,31.51,31.41,31.38,31.29,31.22,31.16,31.13,31.14,31.1,31.09,31.13,31.08,31.06,,,,,,,,,,,,,,,,,,,,,,,,,,,,,,,,,,,,,,,,,,,,,,,,,,,,,,,,,,,,,,,,,,,,,,,,,,,,,,,,,,,,,,,,,,,,,,,,
84,8/16/21,11:55:56 AM,310-5,Normal,MA|30|150|5|0.075,35.23,0.18,9.33E-04,26.5,49,1.293,203854,0.73,-0.2221831,SOS|-93.66|0.0,0.45,60,0.51,30.89,30.99,31.13,31.27,31.5,31.68,31.8,31.95,32.13,32.33,32.46,32.62,32.8,32.98,33.16,33.32,33.52,33.71,33.88,34.05,34.19,34.39,34.49,34.61,34.72,34.79,34.86,34.89,34.98,35.04,35.09,35.18,35.23,35.32,35.37,35.36,35.41,35.41,35.42,35.4,35.38,35.39,35.39,35.35,35.34,35.33,35.31,35.22,35.21,35.21,35.22,35.21,35.29,35.28,35.26,35.27,35.26,35.24,35.18,35.07,,,,,,,,,,,,,,,,,,,,,,,,,,,,,,,,,,,,,,,,,,,,,,,,,,,,,,,,,,,,,,,,,,,,,,,,,,,,,,,,,,,,,,,,,,,,,,,,,,,,,,,,,,,,,,,,,,,,
85,8/16/21,11:59:54 AM,316-1,Normal,MA|30|150|5|0.075,38.68,0.19,1.79E-06,26.8,49.8,1.353,203854,0.73,-0.2221831,SOS|-93.66|0.0,0.45,66,0.51,10.78,11.54,12.5,13.67,14.95,16.08,17.08,18.21,19.31,20.28,21.3,22.26,23.25,24.16,25.03,25.93,26.75,27.59,28.37,29.08,29.73,30.35,31.02,31.62,32.12,32.62,33.15,33.64,34.04,34.42,34.78,35.15,35.47,35.72,35.97,36.2,36.5,36.7,36.82,37,37.2,37.35,37.4,37.56,37.71,37.83,37.9,37.99,38.12,38.2,38.25,38.29,38.33,38.41,38.44,38.48,38.53,38.58,38.67,38.67,38.71,38.71,38.73,38.75,38.75,38.74,,,,,,,,,,,,,,,,,,,,,,,,,,,,,,,,,,,,,,,,,,,,,,,,,,,,,,,,,,,,,,,,,,,,,,,,,,,,,,,,,,,,,,,,,,,,,,,,,,,,,,,,,,,,,,
86,8/16/21,12:00:31 PM,316-2,Normal,MA|30|150|5|0.075,38.36,0.04,1.21E-04,26.8,49.9,1.368,203854,0.73,-0.2221831,SOS|-93.66|0.0,0.45,60,0.51,38.51,38.4,38.27,38.14,37.94,37.86,37.73,37.65,37.48,37.39,37.33,37.25,37.28,37.27,37.33,37.35,37.42,37.51,37.54,37.6,37.66,37.79,37.87,37.95,38.04,38.11,38.18,38.13,38.2,38.2,38.22,38.23,38.31,38.39,38.4,38.44,38.44,38.46,38.39,38.38,38.36,38.36,38.38,38.36,38.37,38.36,38.38,38.35,38.36,38.35,38.35,38.37,38.37,38.37,38.38,38.36,38.37,38.36,38.34,38.35,,,,,,,,,,,,,,,,,,,,,,,,,,,,,,,,,,,,,,,,,,,,,,,,,,,,,,,,,,,,,,,,,,,,,,,,,,,,,,,,,,,,,,,,,,,,,,,,,,,,,,,,,,,,,,,,,,,,
87,8/16/21,12:01:08 PM,316-3,Normal,MA|30|150|5|0.075,38.32,0.16,4.88E-04,26.9,49.9,1.383,203854,0.73,-0.2221831,SOS|-93.66|0.0,0.45,60,0.51,38.36,38.34,38.34,38.33,38.33,38.28,38.09,38.02,37.9,37.83,37.69,37.67,37.64,37.61,37.63,37.64,37.68,37.68,37.79,37.88,37.94,37.99,38.12,38.14,38.18,38.2,38.24,38.26,38.24,38.31,38.28,38.3,38.36,38.42,38.45,38.46,38.57,38.56,38.51,38.5,38.53,38.55,38.48,38.49,38.51,38.53,38.51,38.49,38.5,38.49,38.46,38.38,38.34,38.29,38.3,38.31,38.3,38.25,38.26,38.32,,,,,,,,,,,,,,,,,,,,,,,,,,,,,,,,,,,,,,,,,,,,,,,,,,,,,,,,,,,,,,,,,,,,,,,,,,,,,,,,,,,,,,,,,,,,,,,,,,,,,,,,,,,,,,,,,,,,
88,8/16/21,12:01:44 PM,316-4,Normal,MA|30|150|5|0.075,39.7,0.14,6.57E-06,26.9,49.8,1.398,203854,0.73,-0.2221831,SOS|-93.66|0.0,0.45,61,0.51,38.11,38.04,38.02,38,38.01,37.95,37.89,37.82,37.74,37.67,37.59,37.51,37.46,37.39,37.4,37.39,37.41,37.51,37.53,37.61,37.67,37.77,37.88,37.92,38.06,38.14,38.24,38.31,38.34,38.44,38.51,38.61,38.64,38.71,38.8,38.87,38.95,39.05,39.14,39.2,39.26,39.32,39.35,39.37,39.39,39.4,39.44,39.47,39.48,39.52,39.53,39.58,39.64,39.66,39.7,39.7,39.76,39.76,39.74,39.72,39.73,,,,,,,,,,,,,,,,,,,,,,,,,,,,,,,,,,,,,,,,,,,,,,,,,,,,,,,,,,,,,,,,,,,,,,,,,,,,,,,,,,,,,,,,,,,,,,,,,,,,,,,,,,,,,,,,,,,
89,8/16/21,12:02:21 PM,316-5,Normal,MA|30|150|5|0.075,38.53,0.18,1.51E-03,26.9,49.8,1.413,203854,0.73,-0.2221831,SOS|-93.66|0.0,0.45,60,0.51,39.79,39.74,39.72,39.65,39.49,39.36,39.2,39.05,38.95,38.75,38.55,38.43,38.28,38.24,38.16,38.17,38.19,38.19,38.19,38.23,38.19,38.22,38.26,38.27,38.29,38.27,38.39,38.42,38.42,38.44,38.46,38.54,38.57,38.56,38.62,38.66,38.67,38.68,38.67,38.67,38.7,38.66,38.64,38.63,38.68,38.66,38.65,38.67,38.68,38.66,38.62,38.62,38.64,38.5,38.45,38.48,38.49,38.51,38.46,38.52,,,,,,,,,,,,,,,,,,,,,,,,,,,,,,,,,,,,,,,,,,,,,,,,,,,,,,,,,,,,,,,,,,,,,,,,,,,,,,,,,,,,,,,,,,,,,,,,,,,,,,,,,,,,,,,,,,,,
90,8/16/21,12:04:28 PM,305-1,Normal,MA|30|150|5|0.075,26.49,0.08,0,26.7,49.3,1.44,203854,0.73,-0.2221831,SOS|-93.66|0.0,0.45,60,0.51,11.13,11.13,11.23,11.34,11.6,11.98,12.54,13.27,14.09,14.95,15.88,16.89,17.78,18.66,19.49,20.32,21.07,21.7,22.28,22.81,23.33,23.75,24.15,24.49,24.78,25.05,25.24,25.45,25.6,25.74,25.88,25.97,26.06,26.13,26.14,26.21,26.25,26.3,26.38,26.43,26.49,26.48,26.48,26.47,26.43,26.45,26.43,26.48,26.47,26.48,26.49,26.47,26.48,26.47,26.47,26.49,26.5,26.5,26.51,26.53,,,,,,,,,,,,,,,,,,,,,,,,,,,,,,,,,,,,,,,,,,,,,,,,,,,,,,,,,,,,,,,,,,,,,,,,,,,,,,,,,,,,,,,,,,,,,,,,,,,,,,,,,,,,,,,,,,,,
91,8/16/21,12:05:26 PM,305-2,Normal,MA|30|150|5|0.075,27.63,0.2,3.33E-02,26.6,49.6,1.459,203854,0.73,-0.2221831,SOS|-93.66|0.0,0.45,98,0.51,27.2,27.69,28.13,28.6,29,29.34,29.63,29.92,30.24,30.51,30.83,31.1,31.34,31.57,31.78,31.97,32.15,32.26,32.37,32.45,32.51,32.6,32.61,32.65,32.62,32.58,32.56,32.42,32.33,32.21,32.16,32.08,31.97,31.91,31.85,31.8,31.67,31.57,31.48,31.38,31.29,31.18,31.13,31.01,30.92,30.82,30.73,30.61,30.47,30.36,30.25,30.17,30.08,30.04,29.99,29.93,29.93,29.85,29.8,29.66,29.61,29.55,29.41,29.32,29.17,29.14,29.03,28.95,28.88,28.82,28.78,28.7,28.6,28.49,28.45,28.35,28.3,28.25,28.15,28.17,28.07,28.04,27.97,27.91,27.94,27.84,27.84,27.81,27.75,27.7,27.67,27.62,27.61,27.56,27.6,27.61,27.62,27.59,,,,,,,,,,,,,,,,,,,,,,,,,,,,,,,,,,,,,,,,,,,,,,,,,,,,,,,,,,,,,,,,,,,,,,,,,,,,,,
92,8/16/21,12:06:23 PM,305-3,Normal,MA|30|150|5|0.075,24.55,0.29,4.38E-02,26.8,49.6,1.475,203854,0.73,-0.2221831,SOS|-93.66|0.0,0.45,100,0.51,27.29,27.41,27.58,27.84,28.11,28.45,28.72,29.02,29.32,29.61,29.85,30.1,30.32,30.52,30.72,30.85,30.95,31.01,31.02,31.04,31.01,30.97,30.91,30.83,30.7,30.57,30.4,30.27,30.2,30.07,30.01,29.91,29.83,29.69,29.52,29.39,29.21,29.06,28.93,28.82,28.65,28.55,28.46,28.3,28.17,28.03,27.98,27.84,27.73,27.59,27.49,27.37,27.22,27.05,26.92,26.85,26.77,26.67,26.59,26.58,26.49,26.42,26.3,26.2,26.15,26.03,25.98,25.88,25.81,25.75,25.65,25.61,25.52,25.47,25.42,25.4,25.37,25.29,25.29,25.26,25.19,25.12,25.01,24.98,24.91,24.9,24.86,24.81,24.78,24.76,24.69,24.63,24.57,24.55,24.56,24.54,24.52,24.5,24.48,24.44,,,,,,,,,,,,,,,,,,,,,,,,,,,,,,,,,,,,,,,,,,,,,,,,,,,,,,,,,,,,,,,,,,,,,,,,,,,,
94,8/16/21,12:14:55 PM,305-5,Normal,MA|30|150|5|0.075,27.28,0.06,1.17E-04,27.1,49.5,1.566,203854,0.73,-0.2221831,SOS|-93.66|0.0,0.45,60,0.51,11.26,11.25,11.25,11.3,11.37,11.71,12.16,12.83,13.68,14.58,15.63,16.72,17.84,18.86,19.8,20.67,21.48,22.19,22.82,23.36,23.87,24.37,24.82,25.21,25.51,25.8,26.09,26.31,26.43,26.56,26.74,26.89,26.93,26.99,27.1,27.17,27.16,27.21,27.26,27.35,27.36,27.38,27.39,27.37,27.35,27.32,27.29,27.27,27.31,27.29,27.29,27.29,27.29,27.29,27.28,27.3,27.29,27.26,27.24,27.27,,,,,,,,,,,,,,,,,,,,,,,,,,,,,,,,,,,,,,,,,,,,,,,,,,,,,,,,,,,,,,,,,,,,,,,,,,,,,,,,,,,,,,,,,,,,,,,,,,,,,,,,,,,,,,,,,,,,
95,8/16/21,12:17:21 PM,296-1,Normal,MA|30|150|5|0.075,46.86,0.15,0,27.1,49.7,1.606,203854,0.73,-0.2221831,SOS|-93.66|0.0,0.45,92,0.51,3.32,3.26,3.35,3.54,3.8,4.3,4.88,5.71,6.79,7.99,9.36,10.8,12.4,14.03,15.56,17.16,18.68,20.34,21.92,23.37,24.81,26.17,27.64,28.9,30.08,31.22,32.32,33.39,34.34,35.19,35.97,36.76,37.51,38.22,38.8,39.43,40.02,40.57,41.06,41.45,41.85,42.21,42.58,42.85,43.11,43.34,43.64,43.87,44.04,44.27,44.43,44.64,44.75,44.92,45.06,45.13,45.28,45.37,45.48,45.55,45.66,45.81,45.83,45.86,45.93,45.97,46.02,46.03,46.1,46.21,46.31,46.36,46.39,46.44,46.53,46.56,46.53,46.59,46.64,46.68,46.66,46.69,46.73,46.78,46.8,46.83,46.88,46.88,46.9,46.92,46.9,46.96,,,,,,,,,,,,,,,,,,,,,,,,,,,,,,,,,,,,,,,,,,,,,,,,,,,,,,,,,,,,,,,,,,,,,,,,,,,,,,,,,,,,
96,8/16/21,12:18:05 PM,296-2,Normal,MA|30|150|5|0.075,46.26,0.15,0,27.1,49.7,1.627,203854,0.73,-0.2221831,SOS|-93.66|0.0,0.45,71,0.51,46.41,45.92,45.44,44.93,44.46,44.07,43.76,43.43,43.11,42.84,42.58,42.36,42.29,42.17,42.13,42.15,42.23,42.37,42.49,42.65,42.84,43.04,43.2,43.36,43.5,43.65,43.76,43.9,44.06,44.21,44.29,44.43,44.53,44.58,44.68,44.71,44.83,44.86,44.98,45.09,45.13,45.22,45.26,45.34,45.37,45.38,45.41,45.45,45.52,45.58,45.64,45.74,45.84,45.91,45.94,45.95,46,45.98,45.99,46.04,46.09,46.15,46.16,46.21,46.23,46.24,46.3,46.3,46.32,46.32,46.35,,,,,,,,,,,,,,,,,,,,,,,,,,,,,,,,,,,,,,,,,,,,,,,,,,,,,,,,,,,,,,,,,,,,,,,,,,,,,,,,,,,,,,,,,,,,,,,,,,,,,,,,,
97,8/16/21,12:18:49 PM,296-3,Normal,MA|30|150|5|0.075,45.04,0.11,7.85E-04,27.1,49.7,1.648,203854,0.73,-0.2221831,SOS|-93.66|0.0,0.45,77,0.51,46.29,46.26,46.24,46.02,45.85,45.61,45.34,45.05,44.71,44.41,44.09,43.78,43.45,43.17,42.89,42.64,42.44,42.3,42.21,42.17,42.18,42.18,42.16,42.22,42.24,42.21,42.23,42.29,42.42,42.48,42.55,42.62,42.71,42.77,42.86,42.94,43,43.09,43.15,43.26,43.31,43.36,43.46,43.56,43.69,43.76,43.83,43.89,43.98,44.04,44.07,44.08,44.17,44.23,44.25,44.35,44.38,44.49,44.51,44.54,44.6,44.55,44.63,44.67,44.71,44.77,44.84,44.96,44.97,44.98,45.03,45.05,45.06,45.08,45.06,45.1,45.06,,,,,,,,,,,,,,,,,,,,,,,,,,,,,,,,,,,,,,,,,,,,,,,,,,,,,,,,,,,,,,,,,,,,,,,,,,,,,,,,,,,,,,,,,,,,,,,,,,,
98,8/16/21,12:19:27 PM,296-4,Normal,MA|30|150|5|0.075,46.86,0.12,1.16E-05,27.1,49.7,1.666,203854,0.73,-0.2221831,SOS|-93.66|0.0,0.45,63,0.51,45.11,45.12,45.27,45.25,45.16,45.02,44.85,44.64,44.45,44.2,44.02,43.86,43.68,43.58,43.48,43.5,43.49,43.5,43.57,43.68,43.77,43.85,43.93,44.05,44.19,44.29,44.42,44.58,44.72,44.86,44.92,45.08,45.2,45.29,45.42,45.5,45.64,45.72,45.82,45.92,45.98,46.06,46.12,46.21,46.25,46.31,46.37,46.43,46.51,46.52,46.6,46.6,46.69,46.75,46.75,46.85,46.87,46.89,46.9,46.9,46.91,46.9,46.88,,,,,,,,,,,,,,,,,,,,,,,,,,,,,,,,,,,,,,,,,,,,,,,,,,,,,,,,,,,,,,,,,,,,,,,,,,,,,,,,,,,,,,,,,,,,,,,,,,,,,,,,,,,,,,,,,
99,8/16/21,12:20:02 PM,296-5,Normal,MA|30|150|5|0.075,43.92,0.04,4.11E-03,27.1,49.7,1.683,203854,0.73,-0.2221831,SOS|-93.66|0.0,0.45,59,0.51,47.15,47.16,47.09,47.05,46.88,46.64,46.39,46.18,45.92,45.56,45.24,44.95,44.67,44.35,44.14,43.98,43.85,43.8,43.71,43.73,43.68,43.69,43.73,43.68,43.68,43.65,43.71,43.75,43.75,43.73,43.74,43.74,43.76,43.75,43.76,43.77,43.91,43.97,43.92,43.96,43.96,43.93,43.92,43.91,43.9,43.92,43.88,43.94,43.92,43.92,43.91,43.9,43.93,43.9,43.92,43.93,43.94,43.92,43.94,,,,,,,,,,,,,,,,,,,,,,,,,,,,,,,,,,,,,,,,,,,,,,,,,,,,,,,,,,,,,,,,,,,,,,,,,,,,,,,,,,,,,,,,,,,,,,,,,,,,,,,,,,,,,,,,,,,,,
100,8/16/21,12:22:04 PM,307-1,Normal,MA|30|150|5|0.075,25.33,0.25,3.10E-02,27.1,49.6,1.716,203854,0.73,-0.2221831,SOS|-93.66|0.0,0.45,115,0.51,13.07,13.15,13.44,13.84,14.4,15.16,16.11,17.16,18.22,19.29,20.31,21.39,22.36,23.25,24.03,24.78,25.52,26.12,26.61,27.07,27.5,27.93,28.26,28.52,28.83,29.03,29.27,29.44,29.59,29.74,29.85,29.94,30.02,30.04,30.05,30.08,30.07,30.1,30.06,30.11,30.09,30.01,29.98,29.82,29.76,29.64,29.54,29.48,29.38,29.35,29.2,29.09,28.97,28.85,28.75,28.57,28.52,28.4,28.35,28.23,28.13,28.07,27.96,27.88,27.77,27.66,27.61,27.51,27.4,27.32,27.2,27.19,27.07,27,26.95,26.87,26.85,26.78,26.72,26.64,26.56,26.52,26.46,26.35,26.3,26.25,26.23,26.19,26.15,26.11,26.04,26.02,25.92,25.9,25.85,25.8,25.8,25.77,25.8,25.72,25.68,25.68,25.62,25.58,25.48,25.46,25.39,25.32,25.29,25.26,25.26,25.28,25.3,25.33,25.37,,,,,,,,,,,,,,,,,,,,,,,,,,,,,,,,,,,,,,,,,,,,,,,,,,,,,,,,,,,,,
101,8/16/21,12:22:43 PM,307-2,Normal,MA|30|150|5|0.075,28.37,0.21,1.51E-02,26.9,49,1.728,203854,0.73,-0.2221831,SOS|-93.66|0.0,0.45,63,0.51,26.66,27.15,27.76,28.35,28.98,29.49,29.87,30.34,30.78,31.17,31.52,31.79,32,32.13,32.23,32.28,32.24,32.24,32.21,32.16,32.09,31.98,31.91,31.79,31.61,31.48,31.3,31.18,31.04,30.86,30.69,30.53,30.32,30.14,29.96,29.81,29.7,29.56,29.49,29.34,29.27,29.16,29.05,28.99,28.84,28.8,28.71,28.69,28.66,28.62,28.62,28.6,28.57,28.49,28.45,28.4,28.39,28.34,28.34,28.36,28.36,28.32,28.29,,,,,,,,,,,,,,,,,,,,,,,,,,,,,,,,,,,,,,,,,,,,,,,,,,,,,,,,,,,,,,,,,,,,,,,,,,,,,,,,,,,,,,,,,,,,,,,,,,,,,,,,,,,,,,,,,
102,8/16/21,12:23:19 PM,307-3,Normal,MA|30|150|5|0.075,30.55,0.16,8.85E-03,26.7,49.3,1.74,203854,0.73,-0.2221831,SOS|-93.66|0.0,0.45,60,0.51,28.65,28.89,29.15,29.44,29.82,30.21,30.59,30.92,31.32,31.67,32.02,32.26,32.49,32.72,32.89,33.04,33.1,33.21,33.25,33.29,33.27,33.21,33.18,33.07,33.02,32.9,32.85,32.79,32.65,32.57,32.41,32.31,32.17,32.02,31.93,31.78,31.66,31.53,31.35,31.25,31.13,31.02,30.94,30.84,30.79,30.69,30.66,30.64,30.59,30.56,30.56,30.51,30.51,30.47,30.52,30.55,30.57,30.62,30.59,30.61,,,,,,,,,,,,,,,,,,,,,,,,,,,,,,,,,,,,,,,,,,,,,,,,,,,,,,,,,,,,,,,,,,,,,,,,,,,,,,,,,,,,,,,,,,,,,,,,,,,,,,,,,,,,,,,,,,,,
103,8/16/21,12:23:57 PM,307-4,Normal,MA|30|150|5|0.075,31.84,0.17,6.58E-03,26.7,49.3,1.753,203854,0.73,-0.2221831,SOS|-93.66|0.0,0.45,61,0.51,31.27,31.46,31.7,31.95,32.18,32.41,32.55,32.73,32.91,33.1,33.29,33.49,33.75,33.87,33.97,34.05,34.15,34.11,34.06,33.99,33.92,33.84,33.66,33.57,33.39,33.3,33.18,33.03,32.91,32.76,32.68,32.54,32.45,32.35,32.26,32.16,32.05,31.98,31.89,31.86,31.88,31.86,31.83,31.82,31.76,31.7,31.62,31.59,31.62,31.63,31.67,31.73,31.79,31.85,31.87,31.86,31.91,31.9,31.87,31.82,31.81,,,,,,,,,,,,,,,,,,,,,,,,,,,,,,,,,,,,,,,,,,,,,,,,,,,,,,,,,,,,,,,,,,,,,,,,,,,,,,,,,,,,,,,,,,,,,,,,,,,,,,,,,,,,,,,,,,,
104,8/16/21,12:24:56 PM,307-5,Normal,MA|30|150|5|0.075,28.14,0.19,3.75E-02,26.6,49.6,1.773,203854,0.73,-0.2221831,SOS|-93.66|0.0,0.45,83,0.51,33.94,33.98,33.98,34,34.07,34.1,34.01,34.04,34.06,34.13,34.16,34.23,34.32,34.39,34.46,34.45,34.46,34.44,34.41,34.35,34.23,34.16,34.04,33.91,33.79,33.62,33.45,33.3,33.13,32.94,32.77,32.58,32.45,32.24,32.09,31.93,31.78,31.68,31.48,31.37,31.22,31.05,30.88,30.73,30.62,30.52,30.4,30.33,30.25,30.12,30.03,29.88,29.77,29.68,29.54,29.47,29.33,29.25,29.2,29.09,29.05,28.91,28.88,28.83,28.72,28.67,28.64,28.67,28.62,28.57,28.53,28.45,28.36,28.26,28.19,28.15,28.11,28.1,28.07,28.12,28.13,28.12,28.11,,,,,,,,,,,,,,,,,,,,,,,,,,,,,,,,,,,,,,,,,,,,,,,,,,,,,,,,,,,,,,,,,,,,,,,,,,,,,,,,,,,,,,,,,,,,,
105,8/16/21,12:27:31 PM,295-1,Normal,MA|30|150|5|0.075,29.53,0.24,3.82E-02,27,49.8,1.813,203854,0.73,-0.2221831,SOS|-93.66|0.0,0.45,141,0.51,12.99,12.96,13.11,13.28,13.68,14.26,14.97,15.82,16.71,17.83,18.85,19.92,20.95,22.02,23.11,24.02,24.9,25.72,26.51,27.27,27.91,28.57,29.17,29.77,30.32,30.76,31.15,31.52,31.86,32.12,32.35,32.53,32.75,32.94,33.1,33.25,33.41,33.52,33.63,33.68,33.76,33.79,33.81,33.87,33.9,33.88,33.87,33.87,33.85,33.86,33.78,33.77,33.77,33.67,33.64,33.6,33.54,33.55,33.48,33.41,33.29,33.22,33.2,33.1,33.06,33,32.94,32.88,32.78,32.75,32.65,32.57,32.55,32.47,32.42,32.38,32.33,32.28,32.21,32.17,32.1,32.03,31.96,31.93,31.85,31.74,31.67,31.59,31.61,31.52,31.47,31.46,31.44,31.43,31.37,31.35,31.32,31.23,31.19,31.1,31.02,30.94,30.9,30.88,30.8,30.79,30.71,30.69,30.61,30.55,30.49,30.44,30.46,30.4,30.4,30.34,30.3,30.3,30.2,30.18,30.14,30.1,30.08,30,29.94,29.84,29.78,29.73,29.7,29.67,29.67,29.65,29.61,29.61,29.55,29.52,29.49,29.48,29.48,29.44,29.48,,,,,,,,,,,,,,,,,,,,,,,,,,,,,,,,,,,
106,8/16/21,12:28:18 PM,295-2,Normal,MA|30|150|5|0.075,30.9,0.2,1.64E-02,27,49.6,1.829,203854,0.73,-0.2221831,SOS|-93.66|0.0,0.45,79,0.51,29.82,30.08,30.39,30.66,30.94,31.21,31.46,31.7,31.97,32.22,32.53,32.75,32.95,33.15,33.35,33.53,33.63,33.76,33.82,33.91,33.93,33.91,33.93,33.89,33.86,33.77,33.75,33.69,33.62,33.56,33.46,33.42,33.29,33.21,33.1,32.99,32.9,32.81,32.75,32.67,32.59,32.55,32.5,32.4,32.32,32.28,32.24,32.19,32.16,32.12,32.09,32.02,32,31.9,31.85,31.79,31.74,31.7,31.61,31.6,31.52,31.47,31.45,31.37,31.33,31.3,31.25,31.22,31.1,31.02,30.96,30.91,30.91,30.86,30.86,30.92,30.89,30.86,30.8,,,,,,,,,,,,,,,,,,,,,,,,,,,,,,,,,,,,,,,,,,,,,,,,,,,,,,,,,,,,,,,,,,,,,,,,,,,,,,,,,,,,,,,,,,,,,,,,,
107,8/16/21,12:29:07 PM,295-3,Normal,MA|30|150|5|0.075,30.45,0.24,1.98E-02,27,49.8,1.846,203854,0.73,-0.2221831,SOS|-93.66|0.0,0.45,84,0.51,30.85,31.05,31.23,31.46,31.72,32.04,32.29,32.53,32.76,33.04,33.26,33.45,33.59,33.72,33.86,33.87,33.89,33.92,33.9,33.87,33.86,33.83,33.77,33.73,33.71,33.64,33.54,33.46,33.38,33.21,33.1,33.01,32.92,32.82,32.78,32.69,32.58,32.5,32.39,32.33,32.21,32.17,32.16,32.09,32.03,31.95,31.89,31.8,31.67,31.62,31.58,31.54,31.49,31.46,31.46,31.44,31.37,31.3,31.26,31.19,31.14,31.03,31.01,30.98,30.91,30.87,30.88,30.9,30.84,30.78,30.8,30.73,30.67,30.61,30.56,30.55,30.5,30.48,30.46,30.41,30.43,30.38,30.35,30.38,,,,,,,,,,,,,,,,,,,,,,,,,,,,,,,,,,,,,,,,,,,,,,,,,,,,,,,,,,,,,,,,,,,,,,,,,,,,,,,,,,,,,,,,,,,,
108,8/16/21,12:29:55 PM,295-4,Normal,MA|30|150|5|0.075,31.45,0.2,1.53E-02,27.1,49.5,1.862,203854,0.73,-0.2221831,SOS|-93.66|0.0,0.45,81,0.51,30.36,30.5,30.69,30.93,31.22,31.45,31.64,31.91,32.17,32.39,32.62,32.87,33.1,33.31,33.48,33.67,33.83,33.99,34.13,34.23,34.3,34.36,34.39,34.37,34.39,34.36,34.38,34.37,34.34,34.32,34.27,34.29,34.08,34.01,33.97,33.89,33.8,33.72,33.67,33.6,33.47,33.4,33.33,33.23,33.12,33,32.95,32.84,32.74,32.67,32.6,32.52,32.4,32.36,32.29,32.22,32.19,32.18,32.15,32.09,32.04,32.01,31.93,31.83,31.79,31.71,31.72,31.68,31.64,31.64,31.62,31.6,31.5,31.48,31.44,31.42,31.37,31.39,31.44,31.42,31.44,,,,,,,,,,,,,,,,,,,,,,,,,,,,,,,,,,,,,,,,,,,,,,,,,,,,,,,,,,,,,,,,,,,,,,,,,,,,,,,,,,,,,,,,,,,,,,,
109,8/16/21,12:30:43 PM,295-5,Normal,MA|30|150|5|0.075,33.01,0.18,1.17E-02,26.8,49.2,1.88,203854,0.73,-0.2221831,SOS|-93.66|0.0,0.45,84,0.51,31.38,31.41,31.48,31.69,31.88,32.12,32.31,32.54,32.78,32.98,33.24,33.45,33.67,33.86,33.99,34.23,34.36,34.52,34.68,34.79,34.91,34.94,35.04,34.99,34.99,35.02,35,35,34.96,35,34.94,34.95,34.99,34.97,34.97,34.94,34.95,34.92,34.77,34.72,34.6,34.59,34.54,34.53,34.46,34.4,34.4,34.3,34.19,34.11,34.08,34.06,34.02,34,33.95,33.93,33.92,33.88,33.83,33.81,33.84,33.77,33.65,33.61,33.53,33.5,33.44,33.43,33.43,33.37,33.31,33.29,33.23,33.18,33.11,33.09,33.07,32.98,33,32.96,32.97,32.96,32.95,32.98,,,,,,,,,,,,,,,,,,,,,,,,,,,,,,,,,,,,,,,,,,,,,,,,,,,,,,,,,,,,,,,,,,,,,,,,,,,,,,,,,,,,,,,,,,,,
110,8/16/21,12:32:18 PM,294-1,Normal,MA|30|150|5|0.075,30.19,0.23,7.14E-03,27,49.6,1.906,203854,0.73,-0.2221831,SOS|-93.66|0.0,0.45,85,0.51,14.79,14.77,14.7,14.71,14.86,15.13,15.51,16.02,16.76,17.6,18.5,19.46,20.49,21.49,22.43,23.34,24.16,24.99,25.74,26.38,26.99,27.55,28.15,28.64,29.04,29.52,29.9,30.25,30.53,30.74,30.96,31.09,31.23,31.36,31.45,31.57,31.65,31.74,31.76,31.8,31.81,31.78,31.78,31.76,31.77,31.71,31.72,31.73,31.72,31.68,31.54,31.51,31.46,31.35,31.34,31.31,31.27,31.22,31.13,31.09,30.99,30.91,30.89,30.82,30.8,30.77,30.69,30.71,30.63,30.62,30.57,30.54,30.55,30.44,30.4,30.34,30.29,30.21,30.19,30.17,30.15,30.16,30.12,30.14,30.16,,,,,,,,,,,,,,,,,,,,,,,,,,,,,,,,,,,,,,,,,,,,,,,,,,,,,,,,,,,,,,,,,,,,,,,,,,,,,,,,,,,,,,,,,,,
111,8/16/21,12:33:03 PM,294-2,Normal,MA|30|150|5|0.075,30.84,0.24,1.71E-02,27,49.7,1.922,203854,0.73,-0.2221831,SOS|-93.66|0.0,0.45,77,0.51,30.19,30.26,30.56,30.75,31.02,31.33,31.57,31.82,32.06,32.38,32.67,32.93,33.18,33.39,33.63,33.78,33.94,34.02,34.13,34.22,34.21,34.22,34.17,34.1,34.02,33.93,33.87,33.76,33.67,33.6,33.47,33.36,33.25,33.16,33.05,32.96,32.88,32.78,32.7,32.61,32.55,32.45,32.4,32.32,32.25,32.17,32.09,32.03,31.96,31.92,31.9,31.84,31.77,31.69,31.65,31.59,31.45,31.43,31.42,31.39,31.35,31.32,31.31,31.22,31.16,31.08,31.01,30.96,30.89,30.88,30.86,30.9,30.86,30.82,30.81,30.75,30.71,,,,,,,,,,,,,,,,,,,,,,,,,,,,,,,,,,,,,,,,,,,,,,,,,,,,,,,,,,,,,,,,,,,,,,,,,,,,,,,,,,,,,,,,,,,,,,,,,,,
112,8/16/21,12:33:53 PM,294-3,Normal,MA|30|150|5|0.075,32.14,0.23,1.51E-02,27,49.5,1.939,203854,0.73,-0.2221831,SOS|-93.66|0.0,0.45,86,0.51,30.9,31.04,31.24,31.5,31.78,32.08,32.32,32.57,32.82,33.1,33.32,33.56,33.75,33.94,34.13,34.23,34.38,34.45,34.59,34.7,34.76,34.84,34.83,34.89,34.86,34.8,34.77,34.76,34.7,34.6,34.57,34.52,34.51,34.41,34.4,34.36,34.3,34.29,34.19,34.19,34.1,34.06,33.96,33.9,33.81,33.77,33.73,33.64,33.59,33.48,33.47,33.34,33.26,33.24,33.18,33.16,33.06,33.01,32.95,32.88,32.87,32.79,32.77,32.69,32.67,32.61,32.56,32.53,32.53,32.51,32.51,32.48,32.45,32.4,32.36,32.34,32.27,32.24,32.2,32.16,32.09,32.09,32.09,32.09,32.06,32.13,,,,,,,,,,,,,,,,,,,,,,,,,,,,,,,,,,,,,,,,,,,,,,,,,,,,,,,,,,,,,,,,,,,,,,,,,,,,,,,,,,,,,,,,,,
113,8/16/21,12:34:34 PM,294-5,Normal,MA|30|150|5|0.075,36.18,0.18,4.04E-03,27,49.5,1.955,203854,0.73,-0.2221831,SOS|-93.66|0.0,0.45,67,0.51,32.19,32.4,32.6,32.84,33.11,33.29,33.5,33.76,33.99,34.19,34.42,34.71,34.92,35.17,35.38,35.64,35.85,36.02,36.23,36.38,36.57,36.74,36.84,36.93,36.98,37.05,37.04,37.07,37.13,37.16,37.2,37.16,37.16,37.14,37.09,37.1,37.07,37.11,37.09,37.11,37.09,37.1,37.09,37.04,37.06,36.99,36.89,36.78,36.77,36.75,36.7,36.67,36.63,36.61,36.54,36.45,36.4,36.33,36.26,36.2,36.15,36.14,36.11,36.16,36.13,36.18,36.18,,,,,,,,,,,,,,,,,,,,,,,,,,,,,,,,,,,,,,,,,,,,,,,,,,,,,,,,,,,,,,,,,,,,,,,,,,,,,,,,,,,,,,,,,,,,,,,,,,,,,,,,,,,,,
114,8/16/21,12:36:14 PM,318-1,Normal,MA|30|150|5|0.075,35.51,0.17,4.71E-04,27.1,49.6,1.98,203854,0.73,-0.2221831,SOS|-93.66|0.0,0.45,63,0.51,11.11,11.15,11.21,11.35,11.62,12.1,12.75,13.57,14.44,15.44,16.64,17.79,18.98,20.15,21.39,22.64,23.73,24.81,25.79,26.73,27.62,28.39,29.14,29.84,30.5,31.13,31.7,32.19,32.63,33.02,33.42,33.71,34.02,34.26,34.51,34.72,34.91,35.09,35.19,35.32,35.42,35.54,35.58,35.61,35.67,35.77,35.83,35.84,35.78,35.83,35.77,35.75,35.67,35.6,35.62,35.54,35.51,35.46,35.47,35.46,35.49,35.47,35.47,,,,,,,,,,,,,,,,,,,,,,,,,,,,,,,,,,,,,,,,,,,,,,,,,,,,,,,,,,,,,,,,,,,,,,,,,,,,,,,,,,,,,,,,,,,,,,,,,,,,,,,,,,,,,,,,,
115,8/16/21,12:37:07 PM,318-2,Normal,MA|30|150|5|0.075,33.12,0.22,2.63E-02,26.9,49.8,2,203854,0.73,-0.2221831,SOS|-93.66|0.0,0.45,91,0.51,35.21,35.29,35.32,35.43,35.62,35.72,35.84,35.96,36.09,36.22,36.35,36.51,36.64,36.78,36.92,37,37.07,37.12,37.2,37.18,37.18,37.22,37.15,37.15,37.08,37.04,36.97,36.85,36.78,36.67,36.49,36.39,36.29,36.23,36.14,36.01,35.96,35.88,35.81,35.71,35.62,35.55,35.51,35.38,35.26,35.13,35.05,35.01,34.89,34.79,34.73,34.65,34.57,34.48,34.41,34.42,34.35,34.34,34.29,34.22,34.18,34.09,34.02,33.92,33.84,33.84,33.84,33.76,33.75,33.72,33.73,33.62,33.53,33.51,33.46,33.41,33.33,33.32,33.32,33.3,33.25,33.25,33.19,33.2,33.13,33.09,33.08,33.07,33.09,33.03,33.04,,,,,,,,,,,,,,,,,,,,,,,,,,,,,,,,,,,,,,,,,,,,,,,,,,,,,,,,,,,,,,,,,,,,,,,,,,,,,,,,,,,,,
116,8/16/21,12:37:46 PM,318-3,Normal,MA|30|150|5|0.075,37.33,0.18,3.88E-03,27,50,2.015,203854,0.73,-0.2221831,SOS|-93.66|0.0,0.45,67,0.51,33.09,33.11,33.13,33.18,33.37,33.53,33.77,33.93,34.15,34.33,34.57,34.84,35.09,35.44,35.68,35.98,36.28,36.56,36.84,37.03,37.27,37.48,37.65,37.75,37.84,37.94,38.11,38.17,38.17,38.25,38.28,38.27,38.21,38.18,38.2,38.15,38.16,38.2,38.18,38.21,38.19,38.19,38.18,38.17,38.16,38.13,38.01,37.93,37.86,37.79,37.74,37.72,37.64,37.62,37.54,37.5,37.49,37.46,37.41,37.37,37.33,37.35,37.32,37.29,37.27,37.26,37.25,,,,,,,,,,,,,,,,,,,,,,,,,,,,,,,,,,,,,,,,,,,,,,,,,,,,,,,,,,,,,,,,,,,,,,,,,,,,,,,,,,,,,,,,,,,,,,,,,,,,,,,,,,,,,
117,8/16/21,12:38:29 PM,318-4,Normal,MA|30|150|5|0.075,34.39,0.19,1.76E-02,27.1,49.8,2.032,203854,0.73,-0.2221831,SOS|-93.66|0.0,0.45,75,0.51,36.84,36.77,36.79,36.85,36.95,37.03,37.11,37.19,37.21,37.32,37.36,37.42,37.44,37.54,37.61,37.6,37.63,37.58,37.59,37.51,37.51,37.45,37.38,37.37,37.29,37.28,37.14,37.07,36.99,36.82,36.69,36.53,36.4,36.27,36.15,36.08,36.01,35.97,35.92,35.9,35.82,35.74,35.69,35.6,35.54,35.48,35.43,35.39,35.3,35.25,35.21,35.1,35.06,35.02,34.98,34.95,34.86,34.82,34.77,34.7,34.69,34.59,34.63,34.59,34.58,34.52,34.48,34.44,34.37,34.36,34.32,34.33,34.34,34.4,34.37,,,,,,,,,,,,,,,,,,,,,,,,,,,,,,,,,,,,,,,,,,,,,,,,,,,,,,,,,,,,,,,,,,,,,,,,,,,,,,,,,,,,,,,,,,,,,,,,,,,,,
118,8/16/21,12:39:22 PM,318-5,Normal,MA|30|150|5|0.075,34.59,0.2,2.83E-02,27.1,49.8,2.053,203854,0.73,-0.2221831,SOS|-93.66|0.0,0.45,93,0.51,34.34,34.36,34.38,34.43,34.65,34.83,34.95,35.15,35.36,35.58,35.83,36,36.27,36.54,36.76,37,37.23,37.51,37.68,37.86,38.05,38.21,38.38,38.52,38.68,38.83,38.99,39.15,39.26,39.36,39.48,39.46,39.49,39.45,39.38,39.3,39.14,39.07,38.91,38.8,38.66,38.54,38.41,38.29,38.14,37.96,37.85,37.73,37.58,37.46,37.38,37.29,37.17,37.01,36.91,36.76,36.56,36.46,36.3,36.21,36.1,36.02,35.96,35.87,35.76,35.69,35.64,35.53,35.52,35.43,35.43,35.35,35.27,35.24,35.13,35.12,35.04,35.03,34.97,34.92,34.88,34.82,34.77,34.7,34.69,34.63,34.61,34.57,34.55,34.56,34.54,34.52,34.5,,,,,,,,,,,,,,,,,,,,,,,,,,,,,,,,,,,,,,,,,,,,,,,,,,,,,,,,,,,,,,,,,,,,,,,,,,,,,,,,,,,
119,8/16/21,12:41:17 PM,301-1,Normal,MA|30|150|5|0.075,33.98,0.11,1.09E-05,27.1,49.9,2.085,203854,0.73,-0.2221831,SOS|-93.66|0.0,0.45,60,0.51,14.36,14.45,14.61,14.99,15.64,16.37,17.23,18.23,19.21,20.35,21.35,22.33,23.29,24.15,25.15,25.92,26.62,27.34,28,28.66,29.15,29.66,30.15,30.55,30.95,31.3,31.63,31.88,32.11,32.37,32.53,32.65,32.76,32.93,33.01,33.09,33.19,33.29,33.38,33.4,33.5,33.52,33.59,33.69,33.73,33.77,33.77,33.88,33.89,33.91,33.94,33.97,34.06,33.99,33.99,33.95,33.97,34,33.92,33.97,,,,,,,,,,,,,,,,,,,,,,,,,,,,,,,,,,,,,,,,,,,,,,,,,,,,,,,,,,,,,,,,,,,,,,,,,,,,,,,,,,,,,,,,,,,,,,,,,,,,,,,,,,,,,,,,,,,,
120,8/16/21,12:42:04 PM,301-2,Normal,MA|30|150|5|0.075,34.35,0.19,1.92E-02,27.1,49.8,2.103,203854,0.73,-0.2221831,SOS|-93.66|0.0,0.45,72,0.51,36.29,36.67,36.97,37.21,37.34,37.46,37.51,37.6,37.64,37.71,37.82,37.89,37.96,37.94,37.95,37.89,37.84,37.8,37.68,37.62,37.54,37.51,37.45,37.37,37.3,37.25,37.21,37.09,37,36.89,36.8,36.66,36.54,36.42,36.35,36.25,36.19,36.12,36.02,35.99,35.86,35.8,35.74,35.65,35.61,35.51,35.47,35.39,35.29,35.22,35.16,35.08,35.02,34.93,34.85,34.81,34.7,34.71,34.63,34.61,34.55,34.52,34.51,34.4,34.37,34.33,34.35,34.32,34.3,34.32,34.3,34.29,,,,,,,,,,,,,,,,,,,,,,,,,,,,,,,,,,,,,,,,,,,,,,,,,,,,,,,,,,,,,,,,,,,,,,,,,,,,,,,,,,,,,,,,,,,,,,,,,,,,,,,,
121,8/16/21,12:42:42 PM,301-3,Normal,MA|30|150|5|0.075,35.51,0.08,8.26E-03,27,49.4,2.117,203854,0.73,-0.2221831,SOS|-93.66|0.0,0.45,60,0.51,34.49,34.75,35.04,35.4,35.67,35.85,36.07,36.26,36.48,36.66,36.84,37.08,37.2,37.37,37.46,37.55,37.64,37.6,37.65,37.63,37.64,37.61,37.58,37.56,37.53,37.55,37.43,37.37,37.31,37.25,37.19,37.1,37.02,36.94,36.78,36.67,36.51,36.43,36.31,36.23,36.15,36.12,36.06,35.99,35.94,35.84,35.8,35.74,35.69,35.63,35.57,35.53,35.5,35.46,35.5,35.5,35.5,35.5,35.5,35.53,,,,,,,,,,,,,,,,,,,,,,,,,,,,,,,,,,,,,,,,,,,,,,,,,,,,,,,,,,,,,,,,,,,,,,,,,,,,,,,,,,,,,,,,,,,,,,,,,,,,,,,,,,,,,,,,,,,,
122,8/16/21,12:43:28 PM,301-4,Normal,MA|30|150|5|0.075,34.32,0.21,2.01E-02,27,49.8,2.135,203854,0.73,-0.2221831,SOS|-93.66|0.0,0.45,80,0.51,35.27,35.29,35.35,35.42,35.57,35.71,35.78,35.88,36,36.13,36.26,36.45,36.63,36.85,36.97,37.12,37.22,37.33,37.4,37.42,37.48,37.5,37.52,37.57,37.53,37.53,37.49,37.45,37.46,37.41,37.33,37.28,37.24,37.22,37.14,37.12,37.04,36.92,36.85,36.74,36.62,36.45,36.3,36.27,36.16,36.07,36.02,36,35.93,35.83,35.74,35.65,35.57,35.46,35.44,35.34,35.24,35.18,35.06,35.02,34.93,34.85,34.85,34.79,34.76,34.72,34.61,34.57,34.49,34.47,34.43,34.38,34.39,34.38,34.32,34.32,34.26,34.26,34.26,34.21,,,,,,,,,,,,,,,,,,,,,,,,,,,,,,,,,,,,,,,,,,,,,,,,,,,,,,,,,,,,,,,,,,,,,,,,,,,,,,,,,,,,,,,,,,,,,,,,
123,8/16/21,12:44:16 PM,301-5,Normal,MA|30|150|5|0.075,33.52,0.2,1.96E-02,27.1,49.7,2.153,203854,0.73,-0.2221831,SOS|-93.66|0.0,0.45,85,0.51,34.07,34.12,34.24,34.39,34.59,34.76,34.97,35.19,35.38,35.57,35.79,35.96,36.1,36.23,36.46,36.58,36.64,36.77,36.86,36.91,36.89,36.89,36.88,36.8,36.74,36.69,36.57,36.5,36.38,36.32,36.21,36.09,36.04,35.95,35.94,35.85,35.78,35.69,35.59,35.52,35.39,35.32,35.25,35.19,35.13,35.04,35.02,34.97,34.88,34.82,34.73,34.7,34.58,34.55,34.51,34.48,34.46,34.39,34.42,34.31,34.29,34.25,34.19,34.16,34.07,34,33.94,33.85,33.85,33.81,33.81,33.81,33.78,33.78,33.71,33.64,33.59,33.57,33.54,33.54,33.52,33.51,33.45,33.45,33.43,,,,,,,,,,,,,,,,,,,,,,,,,,,,,,,,,,,,,,,,,,,,,,,,,,,,,,,,,,,,,,,,,,,,,,,,,,,,,,,,,,,,,,,,,,,
124,8/16/21,12:45:54 PM,303-1,Normal,MA|30|150|5|0.075,37.53,0.08,2.85E-05,27.2,49.8,2.175,203854,0.73,-0.2221831,SOS|-93.66|0.0,0.45,60,0.51,4.35,4.42,4.59,4.97,5.6,6.39,7.29,8.53,9.91,11.42,12.92,14.41,16.09,17.69,19.19,20.62,22.01,23.48,24.76,25.89,27.02,28.04,29.09,29.99,30.76,31.56,32.2,32.87,33.39,33.89,34.34,34.74,35.15,35.46,35.74,36,36.21,36.49,36.69,36.89,37.08,37.19,37.36,37.4,37.46,37.46,37.5,37.54,37.52,37.55,37.55,37.58,37.56,37.56,37.51,37.5,37.5,37.51,37.5,37.52,,,,,,,,,,,,,,,,,,,,,,,,,,,,,,,,,,,,,,,,,,,,,,,,,,,,,,,,,,,,,,,,,,,,,,,,,,,,,,,,,,,,,,,,,,,,,,,,,,,,,,,,,,,,,,,,,,,,
125,8/16/21,12:46:44 PM,303-2,Normal,MA|30|150|5|0.075,38.48,0.14,1.28E-02,27,49.6,2.196,203854,0.73,-0.2221831,SOS|-93.66|0.0,0.45,82,0.51,38.1,38.35,38.54,38.67,38.74,38.7,38.74,38.76,38.78,38.84,38.88,39.03,39.17,39.35,39.55,39.73,39.94,40.08,40.24,40.35,40.45,40.57,40.7,40.75,40.76,40.83,40.85,40.83,40.76,40.79,40.75,40.69,40.63,40.56,40.47,40.43,40.41,40.33,40.27,40.26,40.21,40.1,40.02,39.94,39.9,39.88,39.84,39.8,39.76,39.71,39.72,39.6,39.57,39.58,39.5,39.47,39.34,39.3,39.26,39.2,39.16,39.13,39.11,39.06,38.98,38.86,38.83,38.79,38.73,38.68,38.66,38.65,38.58,38.55,38.49,38.5,38.46,38.42,38.42,38.44,38.49,38.42,,,,,,,,,,,,,,,,,,,,,,,,,,,,,,,,,,,,,,,,,,,,,,,,,,,,,,,,,,,,,,,,,,,,,,,,,,,,,,,,,,,,,,,,,,,,,,
126,8/16/21,12:47:20 PM,303-3,Normal,MA|30|150|5|0.075,39.38,0.17,2.06E-03,27.1,49.8,2.211,203854,0.73,-0.2221831,SOS|-93.66|0.0,0.45,61,0.51,38.41,38.44,38.47,38.63,38.66,38.79,38.87,38.94,39.02,39.06,39.16,39.26,39.3,39.37,39.48,39.55,39.63,39.69,39.73,39.77,39.83,39.84,39.85,39.83,39.83,39.81,39.79,39.77,39.8,39.8,39.8,39.82,39.78,39.77,39.78,39.76,39.75,39.58,39.62,39.59,39.57,39.61,39.58,39.59,39.63,39.65,39.64,39.61,39.63,39.6,39.59,39.54,39.42,39.42,39.36,39.36,39.34,39.39,39.32,39.35,39.33,,,,,,,,,,,,,,,,,,,,,,,,,,,,,,,,,,,,,,,,,,,,,,,,,,,,,,,,,,,,,,,,,,,,,,,,,,,,,,,,,,,,,,,,,,,,,,,,,,,,,,,,,,,,,,,,,,,
127,8/16/21,12:47:58 PM,303-4,Normal,MA|30|150|5|0.075,41.51,0.17,1.71E-03,27.1,49.8,2.228,203854,0.73,-0.2221831,SOS|-93.66|0.0,0.45,63,0.51,39.61,39.7,39.75,39.84,39.84,39.84,39.86,39.84,39.86,39.85,39.89,39.93,39.98,40.06,40.24,40.35,40.51,40.67,40.8,40.93,41.09,41.22,41.32,41.43,41.51,41.57,41.61,41.71,41.77,41.82,41.9,41.95,41.93,41.95,41.94,41.97,41.95,41.94,41.98,41.9,41.91,41.9,41.93,41.93,41.92,41.93,41.92,41.9,41.88,41.9,41.87,41.69,41.68,41.66,41.61,41.55,41.52,41.5,41.49,41.47,41.45,41.45,41.46,,,,,,,,,,,,,,,,,,,,,,,,,,,,,,,,,,,,,,,,,,,,,,,,,,,,,,,,,,,,,,,,,,,,,,,,,,,,,,,,,,,,,,,,,,,,,,,,,,,,,,,,,,,,,,,,,
128,8/16/21,12:48:44 PM,303-5,Normal,MA|30|150|5|0.075,42.8,0.14,8.38E-03,27.1,49.7,2.249,203854,0.73,-0.2221831,SOS|-93.66|0.0,0.45,78,0.51,41.55,41.55,41.72,41.73,41.73,41.79,41.74,41.77,41.76,41.87,41.99,42.1,42.27,42.51,42.71,42.91,43.14,43.32,43.57,43.74,43.93,44.11,44.2,44.33,44.43,44.47,44.51,44.53,44.57,44.61,44.57,44.58,44.54,44.52,44.46,44.45,44.38,44.31,44.32,44.3,44.3,44.28,44.2,44.15,44.08,44,43.93,43.84,43.76,43.73,43.65,43.6,43.54,43.5,43.47,43.42,43.39,43.35,43.29,43.26,43.22,43.2,43.19,43.17,43.17,43.12,43.09,43.01,42.95,42.85,42.81,42.77,42.74,42.76,42.79,42.8,42.79,42.77,,,,,,,,,,,,,,,,,,,,,,,,,,,,,,,,,,,,,,,,,,,,,,,,,,,,,,,,,,,,,,,,,,,,,,,,,,,,,,,,,,,,,,,,,,,,,,,,,,
129,8/16/21,12:50:33 PM,302-1,Normal,MA|30|150|5|0.075,49.95,0.15,0,26.7,49.9,2.285,203854,0.73,-0.2221831,SOS|-93.66|0.0,0.45,67,0.51,16.14,16.16,16.33,16.7,17.2,17.91,18.71,19.63,20.74,21.89,23.07,24.27,25.5,26.92,28.27,29.58,30.89,32.16,33.56,34.73,35.87,36.99,38.08,39.16,40.05,40.9,41.67,42.42,43.17,43.81,44.44,44.99,45.56,46.07,46.4,46.83,47.14,47.48,47.79,48.05,48.33,48.51,48.71,48.91,49.04,49.17,49.28,49.36,49.45,49.53,49.62,49.69,49.73,49.77,49.8,49.8,49.82,49.81,49.84,49.9,49.94,49.98,49.98,49.99,50.02,50,50.03,,,,,,,,,,,,,,,,,,,,,,,,,,,,,,,,,,,,,,,,,,,,,,,,,,,,,,,,,,,,,,,,,,,,,,,,,,,,,,,,,,,,,,,,,,,,,,,,,,,,,,,,,,,,,
130,8/16/21,12:51:35 PM,302-2,Normal,MA|30|150|5|0.075,45.14,0.16,2.46E-02,26.7,50.1,2.316,203854,0.73,-0.2221831,SOS|-93.66|0.0,0.45,110,0.51,49.78,49.56,49.32,48.96,48.61,48.16,47.8,47.43,47.05,46.7,46.36,46.08,45.92,45.79,45.74,45.72,45.75,45.87,45.99,46.1,46.2,46.34,46.49,46.61,46.68,46.8,46.91,47.01,47.08,47.17,47.3,47.35,47.43,47.47,47.54,47.57,47.54,47.59,47.56,47.56,47.54,47.53,47.54,47.52,47.54,47.53,47.53,47.56,47.55,47.54,47.53,47.51,47.51,47.49,47.5,47.36,47.3,47.27,47.23,47.13,47.03,46.94,46.87,46.83,46.77,46.76,46.72,46.72,46.66,46.58,46.52,46.42,46.38,46.32,46.31,46.31,46.29,46.27,46.21,46.17,46.13,46.09,46.05,46.01,46.01,45.99,45.93,45.84,45.75,45.73,45.66,45.61,45.59,45.61,45.56,45.47,45.45,45.39,45.36,45.3,45.27,45.23,45.18,45.15,45.11,45.07,45.11,45.11,45.09,45.06,,,,,,,,,,,,,,,,,,,,,,,,,,,,,,,,,,,,,,,,,,,,,,,,,,,,,,,,,,,,,,,,,,
131,8/16/21,12:52:15 PM,302-3,Normal,MA|30|150|5|0.075,48.6,0.15,0,26.6,49.8,2.336,203854,0.73,-0.2221831,SOS|-93.66|0.0,0.45,69,0.51,44.86,44.83,44.8,44.74,44.61,44.42,44.27,44.06,43.94,43.82,43.76,43.78,43.84,44.01,44.14,44.35,44.55,44.8,45,45.21,45.45,45.64,45.87,46.01,46.18,46.32,46.44,46.55,46.7,46.84,46.94,47.09,47.17,47.3,47.38,47.44,47.52,47.55,47.63,47.64,47.64,47.7,47.74,47.78,47.82,47.92,47.97,47.99,48.02,48.08,48.09,48.1,48.12,48.16,48.21,48.21,48.27,48.29,48.38,48.46,48.51,48.55,48.57,48.63,48.64,48.65,48.63,48.63,48.67,,,,,,,,,,,,,,,,,,,,,,,,,,,,,,,,,,,,,,,,,,,,,,,,,,,,,,,,,,,,,,,,,,,,,,,,,,,,,,,,,,,,,,,,,,,,,,,,,,,,,,,,,,,
132,8/16/21,12:53:52 PM,302-4,Normal,MA|30|150|5|0.075,38.13,0.19,9.81E-02,26.6,49.7,2.38,203854,0.73,-0.2221831,SOS|-93.66|0.0,0.45,176,0.51,48.35,48.25,48.09,47.92,47.75,47.5,47.25,46.97,46.76,46.58,46.36,46.18,46.04,45.93,45.8,45.64,45.59,45.49,45.41,45.36,45.38,45.33,45.29,45.25,45.17,45.13,45.09,45.04,45.01,44.97,44.91,44.85,44.73,44.66,44.6,44.54,44.53,44.49,44.41,44.35,44.23,44.12,44.05,43.94,43.84,43.75,43.67,43.66,43.6,43.54,43.54,43.49,43.47,43.4,43.37,43.32,43.23,43.18,43.07,43.06,42.93,42.92,42.89,42.86,42.84,42.69,42.67,42.55,42.48,42.44,42.37,42.36,42.32,42.32,42.26,42.22,42.19,42.11,42.01,41.89,41.85,41.75,41.76,41.7,41.65,41.62,41.55,41.53,41.37,41.31,41.27,41.27,41.23,41.15,41.15,41.1,41.06,40.99,41.01,40.99,40.97,40.95,40.89,40.85,40.77,40.71,40.65,40.64,40.6,40.6,40.52,40.53,40.45,40.42,40.37,40.28,40.25,40.16,40.15,40.09,40.06,40.06,40.05,40,39.96,39.92,39.88,39.84,39.8,39.84,39.8,39.74,39.7,39.64,39.62,39.48,39.45,39.39,39.37,39.32,39.29,39.29,39.23,39.19,39.17,39.1,39.03,38.95,38.96,38.91,38.89,38.87,38.84,38.81,38.74,38.71,38.63,38.66,38.64,38.62,38.6,38.58,38.56,38.46,38.4,38.32,38.23,38.23,38.15,38.14,38.12,38.13,38.14,38.06,38.06,38
133,8/16/21,12:54:35 PM,302-5,Normal,MA|30|150|5|0.075,38.82,0.18,1.14E-02,26.6,49.9,2.398,203854,0.73,-0.2221831,SOS|-93.66|0.0,0.45,75,0.51,37.81,37.87,37.97,38.06,38.22,38.37,38.44,38.55,38.62,38.77,38.9,39.05,39.25,39.45,39.72,39.92,40.14,40.31,40.51,40.68,40.81,40.91,41.02,41.08,41.11,41.15,41.12,41.19,41.15,41.17,41.12,41.06,41.02,41.06,40.95,40.85,40.82,40.71,40.67,40.54,40.44,40.38,40.3,40.23,40.17,40.08,40.02,39.94,39.88,39.83,39.75,39.74,39.68,39.62,39.52,39.48,39.4,39.32,39.28,39.24,39.25,39.19,39.17,39.12,39.05,38.97,38.88,38.88,38.81,38.79,38.83,38.83,38.79,38.73,38.75,,,,,,,,,,,,,,,,,,,,,,,,,,,,,,,,,,,,,,,,,,,,,,,,,,,,,,,,,,,,,,,,,,,,,,,,,,,,,,,,,,,,,,,,,,,,,,,,,,,,,
134,8/16/21,12:56:52 PM,299-1,Normal,MA|30|150|5|0.075,31.66,0.16,3.78E-02,26.7,49.7,2.438,203854,0.73,-0.2221831,SOS|-93.66|0.0,0.45,136,0.51,7.54,7.58,7.65,7.92,8.47,9.23,10.12,11.22,12.56,14.05,15.48,16.95,18.42,19.98,21.49,22.8,24.11,25.29,26.51,27.53,28.45,29.34,30.1,30.93,31.57,32.19,32.66,33.12,33.58,33.93,34.29,34.57,34.84,35.14,35.35,35.47,35.65,35.82,35.98,36.06,36.17,36.3,36.33,36.4,36.48,36.52,36.6,36.59,36.68,36.68,36.63,36.62,36.57,36.54,36.47,36.42,36.38,36.29,36.2,36.15,36.02,35.91,35.8,35.73,35.62,35.53,35.43,35.33,35.23,35.11,34.99,34.89,34.8,34.71,34.65,34.56,34.5,34.42,34.32,34.27,34.14,34.09,33.99,33.88,33.81,33.72,33.65,33.54,33.48,33.4,33.32,33.23,33.16,33.14,33.07,33,32.97,32.94,32.92,32.89,32.84,32.85,32.79,32.71,32.71,32.6,32.54,32.48,32.44,32.41,32.32,32.31,32.31,32.25,32.23,32.18,32.13,32.1,32.08,32.05,32.04,32.04,32.01,31.94,31.88,31.85,31.76,31.71,31.69,31.65,31.61,31.61,31.63,31.63,31.63,31.63,,,,,,,,,,,,,,,,,,,,,,,,,,,,,,,,,,,,,,,,
135,8/16/21,12:58:14 PM,299-2,Normal,MA|30|150|5|0.075,31.99,0.21,7.13E-03,26.8,49.7,2.465,203854,0.73,-0.2221831,SOS|-93.66|0.0,0.45,83,0.51,19.73,19.52,19.34,19.32,19.44,19.79,20.27,20.89,21.62,22.43,23.35,24.19,25.08,25.89,26.69,27.5,28.15,28.83,29.4,29.95,30.45,30.86,31.25,31.57,31.88,32.15,32.35,32.52,32.67,32.82,32.95,33.06,33.2,33.24,33.35,33.38,33.36,33.39,33.4,33.4,33.34,33.31,33.34,33.31,33.32,33.31,33.33,33.35,33.33,33.32,33.26,33.31,33.29,33.11,33.05,32.99,32.97,32.86,32.78,32.7,32.66,32.61,32.59,32.53,32.51,32.49,32.42,32.39,32.36,32.33,32.25,32.21,32.2,32.13,32.05,32.04,32,31.98,31.97,31.95,31.95,31.92,31.9,,,,,,,,,,,,,,,,,,,,,,,,,,,,,,,,,,,,,,,,,,,,,,,,,,,,,,,,,,,,,,,,,,,,,,,,,,,,,,,,,,,,,,,,,,,,,
137,8/16/21,12:59:52 PM,299-3,Normal,MA|30|150|5|0.075,31.38,0.2,5.75E-02,26.6,49.6,2.504,203854,0.73,-0.2221831,SOS|-93.66|0.0,0.45,102,0.51,41.79,41.32,41.02,40.72,40.54,40.36,40.24,40.14,40.01,39.95,39.89,39.85,39.87,39.8,39.82,39.74,39.67,39.57,39.46,39.38,39.23,39.08,38.93,38.78,38.62,38.44,38.24,38.12,37.92,37.73,37.57,37.36,37.22,37.04,36.86,36.71,36.51,36.35,36.17,35.98,35.83,35.67,35.5,35.38,35.21,35.04,34.88,34.76,34.65,34.53,34.36,34.33,34.24,34.12,34.01,33.9,33.84,33.72,33.66,33.55,33.49,33.4,33.32,33.26,33.16,33.11,33.06,33.02,32.95,32.84,32.75,32.66,32.56,32.5,32.46,32.42,32.39,32.3,32.24,32.15,32.09,32.04,31.94,31.94,31.92,31.87,31.87,31.81,31.78,31.75,31.66,31.6,31.51,31.45,31.44,31.36,31.38,31.36,31.34,31.35,31.32,31.31,,,,,,,,,,,,,,,,,,,,,,,,,,,,,,,,,,,,,,,,,,,,,,,,,,,,,,,,,,,,,,,,,,,,,,,,,,
138,8/16/21,1:00:31 PM,299-4,Normal,MA|30|150|5|0.075,34.27,0.21,9.59E-03,26.6,49.9,2.518,203854,0.73,-0.2221831,SOS|-93.66|0.0,0.45,65,0.51,31.3,31.47,31.69,31.91,32.26,32.61,32.92,33.27,33.64,34.03,34.4,34.8,35.15,35.45,35.74,36.01,36.22,36.36,36.45,36.56,36.65,36.7,36.72,36.71,36.71,36.7,36.62,36.56,36.54,36.46,36.42,36.32,36.26,36.15,36.01,35.91,35.82,35.74,35.63,35.52,35.47,35.34,35.21,35.13,35.06,34.99,34.89,34.88,34.84,34.77,34.71,34.66,34.62,34.55,34.49,34.42,34.33,34.33,34.25,34.25,34.2,34.2,34.23,34.2,34.23,,,,,,,,,,,,,,,,,,,,,,,,,,,,,,,,,,,,,,,,,,,,,,,,,,,,,,,,,,,,,,,,,,,,,,,,,,,,,,,,,,,,,,,,,,,,,,,,,,,,,,,,,,,,,,,
139,8/16/21,1:01:11 PM,299-5,Normal,MA|30|150|5|0.075,35.79,0.2,1.33E-02,26.8,49.7,2.534,203854,0.73,-0.2221831,SOS|-93.66|0.0,0.45,68,0.51,34.69,34.97,35.23,35.59,36.03,36.36,36.65,36.95,37.26,37.55,37.71,37.96,38.12,38.27,38.37,38.44,38.51,38.56,38.57,38.59,38.61,38.57,38.58,38.48,38.47,38.37,38.28,38.2,38.1,38,37.88,37.81,37.69,37.62,37.49,37.42,37.32,37.22,37.16,37.07,37,36.92,36.82,36.79,36.72,36.65,36.59,36.54,36.5,36.35,36.27,36.21,36.17,36.11,36.07,36,35.97,35.95,35.91,35.85,35.8,35.83,35.82,35.79,35.77,35.75,35.69,35.67,,,,,,,,,,,,,,,,,,,,,,,,,,,,,,,,,,,,,,,,,,,,,,,,,,,,,,,,,,,,,,,,,,,,,,,,,,,,,,,,,,,,,,,,,,,,,,,,,,,,,,,,,,,,
140,8/16/21,1:02:37 PM,309-1,Normal,MA|30|150|5|0.075,57.16,0.12,0,26.8,49.7,2.564,203854,0.73,-0.2221831,SOS|-93.66|0.0,0.45,62,0.51,17.62,17.68,17.71,17.91,18.36,19,19.8,20.68,21.68,22.89,24.16,25.43,26.78,28.2,29.81,31.3,32.81,34.31,35.8,37.38,38.8,40.12,41.37,42.61,43.88,44.9,45.91,46.85,47.81,48.65,49.39,50.14,50.77,51.47,52.07,52.59,53.07,53.49,53.95,54.34,54.67,54.99,55.26,55.54,55.75,55.95,56.09,56.3,56.49,56.63,56.74,56.85,57.02,57.09,57.12,57.15,57.18,57.2,57.19,57.2,57.23,57.25,,,,,,,,,,,,,,,,,,,,,,,,,,,,,,,,,,,,,,,,,,,,,,,,,,,,,,,,,,,,,,,,,,,,,,,,,,,,,,,,,,,,,,,,,,,,,,,,,,,,,,,,,,,,,,,,,,
141,8/16/21,1:03:31 PM,309-2,Normal,MA|30|150|5|0.075,53.37,0.14,5.02E-03,26.7,49.6,2.595,203854,0.73,-0.2221831,SOS|-93.66|0.0,0.45,87,0.51,53.56,52.42,51.36,50.39,49.52,48.9,48.4,47.85,47.36,47.05,46.77,46.55,46.56,46.64,46.83,47.06,47.37,47.76,48.15,48.54,48.95,49.38,49.79,50.2,50.57,50.96,51.35,51.7,51.99,52.24,52.5,52.77,52.96,53.16,53.37,53.55,53.7,53.8,53.92,53.99,54.09,54.15,54.21,54.24,54.27,54.33,54.4,54.43,54.48,54.53,54.54,54.5,54.41,54.44,54.37,54.27,54.27,54.23,54.21,54.12,54.11,54.11,54.09,54.11,54.05,54.02,53.95,53.92,53.84,53.78,53.75,53.7,53.69,53.64,53.61,53.58,53.54,53.52,53.45,53.42,53.38,53.34,53.36,53.35,53.32,53.3,53.27,,,,,,,,,,,,,,,,,,,,,,,,,,,,,,,,,,,,,,,,,,,,,,,,,,,,,,,,,,,,,,,,,,,,,,,,,,,,,,,,,,,,,,,,,
142,8/16/21,1:04:07 PM,309-3,Normal,MA|30|150|5|0.075,55.26,0.1,1.82E-05,26.8,49.2,2.615,203854,0.73,-0.2221831,SOS|-93.66|0.0,0.45,60,0.51,52.86,52.71,52.58,52.35,51.98,51.59,51.17,50.75,50.33,50,49.75,49.56,49.46,49.44,49.47,49.58,49.74,49.97,50.25,50.49,50.81,51.08,51.35,51.64,51.85,52.11,52.32,52.54,52.78,52.97,53.21,53.37,53.59,53.72,53.86,53.99,54.12,54.26,54.35,54.45,54.55,54.64,54.68,54.73,54.77,54.9,54.93,54.92,55.01,55.11,55.15,55.19,55.21,55.31,55.3,55.27,55.27,55.29,55.32,55.27,,,,,,,,,,,,,,,,,,,,,,,,,,,,,,,,,,,,,,,,,,,,,,,,,,,,,,,,,,,,,,,,,,,,,,,,,,,,,,,,,,,,,,,,,,,,,,,,,,,,,,,,,,,,,,,,,,,,
143,8/16/21,1:04:54 PM,309-4,Normal,MA|30|150|5|0.075,50.64,0.08,0,26.7,49.4,2.64,203854,0.73,-0.2221831,SOS|-93.66|0.0,0.45,61,0.51,46.7,46.07,45.47,44.98,44.69,44.37,44.07,43.77,43.54,43.39,43.16,43.09,43.14,43.15,43.27,43.43,43.64,43.93,44.21,44.59,44.9,45.21,45.58,45.85,46.17,46.5,46.78,47.06,47.34,47.64,47.87,48.1,48.34,48.53,48.76,48.95,49.15,49.32,49.44,49.66,49.75,49.84,49.92,50.02,50.11,50.11,50.18,50.24,50.32,50.37,50.43,50.54,50.59,50.64,50.64,50.65,50.67,50.69,50.65,50.66,50.68,,,,,,,,,,,,,,,,,,,,,,,,,,,,,,,,,,,,,,,,,,,,,,,,,,,,,,,,,,,,,,,,,,,,,,,,,,,,,,,,,,,,,,,,,,,,,,,,,,,,,,,,,,,,,,,,,,,
144,8/16/21,1:05:32 PM,309-5,Normal,MA|30|150|5|0.075,51.94,0.13,1.40E-06,26.8,49.4,2.66,203854,0.73,-0.2221831,SOS|-93.66|0.0,0.45,60,0.51,50.43,50.23,49.98,49.69,49.31,48.9,48.5,48.1,47.77,47.41,47.11,46.91,46.81,46.74,46.75,46.82,46.97,47.15,47.33,47.56,47.76,47.99,48.24,48.5,48.76,49.01,49.24,49.47,49.64,49.85,49.99,50.17,50.32,50.47,50.61,50.73,50.87,50.97,51.09,51.2,51.34,51.37,51.45,51.48,51.54,51.56,51.57,51.65,51.7,51.77,51.81,51.88,51.89,51.93,51.95,51.98,51.96,52,52.02,52,,,,,,,,,,,,,,,,,,,,,,,,,,,,,,,,,,,,,,,,,,,,,,,,,,,,,,,,,,,,,,,,,,,,,,,,,,,,,,,,,,,,,,,,,,,,,,,,,,,,,,,,,,,,,,,,,,,,