"","measurement_date","time_captured","time_processed","time_c_temp","type","day","individual_ID","mass_g","hemolyzed","hematocrit_percent","osmolality_mmol_kg_mean","CEWL_g_m2h_mean","cloacal_temp_C","capture_date","day_n"
"1",2021-06-16,"9:06","11:00","2021-11-03 09:54:00","exp","capture",201,9.8,"N",43,336.666666666667,12.37,26,2021-06-16,0
"2",2021-06-16,"9:00","11:00","2021-11-03 10:02:00","exp","capture",202,11.2,"N",46,342,15.8133333333333,29,2021-06-16,0
"3",2021-06-16,"8:35","11:10","2021-11-03 10:09:00","exp","capture",203,12.6,"N",42,329.666666666667,11.99,28,2021-06-16,0
"4",2021-06-16,"8:41","11:20","2021-11-03 10:20:00","exp","capture",204,14.7,"N",50,325.5,9.675,29,2021-06-16,0
"5",2021-06-16,"8:48","11:25","2021-11-03 10:28:00","exp","capture",205,12.5,"N",31,322,10.3375,27,2021-06-16,0
"6",2021-06-16,"8:28","11:30","2021-11-03 10:36:00","exp","capture",206,11.2,"N",40,324,11.112,27,2021-06-16,0
"7",2021-06-16,"8:49","15:25","2021-11-03 10:41:00","exp","capture",207,13.2,"N",33,316.333333333333,14.1825,27,2021-06-16,0
"8",2021-06-16,"9:09","15:32","2021-11-03 10:48:00","exp","capture",208,12.4,"N",39,335,11.155,27,2021-06-16,0
"9",2021-06-16,"10:00","15:44","2021-11-03 10:54:00","exp","capture",209,10.8,"N",33,367.333333333333,13.046,27,2021-06-16,0
"10",2021-06-16,"10:30","15:53","2021-11-03 10:59:00","exp","capture",210,12.7,"N",34,382.5,11.4033333333333,27,2021-06-16,0
"11",2021-06-16,"11:00","16:11","2021-11-03 11:45:00","exp","capture",211,11.9,"N",33,333.666666666667,13.315,30,2021-06-16,0
"12",2021-06-16,"13:40","16:21","2021-11-03 14:51:00","exp","capture",212,12.8,"N",45,353.5,14.746,27,2021-06-16,0
"13",2021-06-16,"13:30","16:25","2021-11-03 14:57:00","exp","capture",213,10.3,"Y",42,339.333333333333,10.804,26,2021-06-16,0
"14",2021-06-16,"12:15","16:32","2021-11-03 15:02:00","exp","capture",214,13,"N",43,345.666666666667,14.018,28,2021-06-16,0
"15",2021-06-16,"12:19","16:39","2021-11-03 15:09:00","exp","capture",215,12.7,"Y",45,340,10.334,27,2021-06-16,0
"16",2021-06-16,"12:00","16:45","2021-11-03 15:16:00","exp","capture",216,12,"N",48,336.333333333333,7.152,27,2021-06-16,0
"17",2021-06-16,"12:15","16:53","2021-11-03 15:23:00","exp","capture",217,12.6,"Y",45,334.5,12.045,28,2021-06-16,0
"18",2021-06-16,"13:30","16:58","2021-11-03 15:30:00","exp","capture",218,12.1,"N",45,358.333333333333,11.7,28,2021-06-16,0
"19",2021-06-16,"13:30","17:10","2021-11-03 15:37:00","exp","capture",219,13.2,"Y",44,336,13.38,28,2021-06-16,0
"20",2021-06-16,"13:30","17:20","2021-11-03 15:46:00","exp","capture",220,12,"N",47,336.666666666667,18.7266666666667,27,2021-06-16,0
"21",2021-06-16,"13:30","17:23","2021-11-03 15:53:00","exp","capture",221,11,"N",31,346.333333333333,15.594,27,2021-06-16,0
"22",2021-06-16,"13:40","17:29","2021-11-03 16:01:00","exp","capture",222,9.4,"N",44,342,18.254,28,2021-06-16,0
"23",2021-06-16,"13:50","17:36","2021-11-03 16:08:00","exp","capture",223,13.1,"N",48,320,18.93,27,2021-06-16,0
"24",2021-06-16,"13:30","17:40","2021-11-03 16:19:00","exp","capture",224,11.6,"N",45,331,19.878,27,2021-06-16,0
"25",2021-06-16,"13:30","17:45","2021-11-03 16:25:00","exp","capture",225,10.4,"N",36,329.666666666667,18.4366666666667,26,2021-06-16,0
"26",2021-06-16,"13:40","17:52","2021-11-03 16:32:00","exp","capture",226,9.1,"N",47,350.333333333333,19.994,27,2021-06-16,0
"27",2021-06-20,NA,"10:12",NA,"exp",NA,201,8.9,"N",39,362,NA,NA,2021-06-16,4
"28",2021-06-20,NA,"10:52",NA,"exp",NA,202,10.5,"N",42,357,NA,NA,2021-06-16,4
"29",2021-06-20,NA,"10:14",NA,"exp",NA,203,11.4,"N",41,373.333333333333,NA,NA,2021-06-16,4
"30",2021-06-20,NA,"10:47",NA,"exp",NA,204,13.8,"Y",48,359,NA,NA,2021-06-16,4
"31",2021-06-20,NA,"10:36",NA,"exp",NA,205,11.3,"N",33,377,NA,NA,2021-06-16,4
"32",2021-06-20,NA,"10:01",NA,"exp",NA,206,10.4,"N",39,354.666666666667,NA,NA,2021-06-16,4
"33",2021-06-20,NA,"10:49",NA,"exp",NA,207,12.6,"N",32,321.333333333333,NA,NA,2021-06-16,4
"34",2021-06-20,NA,"10:06",NA,"exp",NA,208,11.1,"N",37,354.333333333333,NA,NA,2021-06-16,4
"35",2021-06-20,NA,"10:38",NA,"exp",NA,209,10.3,"N",34,366.333333333333,NA,NA,2021-06-16,4
"36",2021-06-20,NA,"9:52",NA,"exp",NA,210,11.6,"N",35,335,NA,NA,2021-06-16,4
"37",2021-06-20,NA,"9:50",NA,"exp",NA,211,10.5,"Y",31,313,NA,NA,2021-06-16,4
"38",2021-06-20,NA,"10:19",NA,"exp",NA,212,11.4,"N",42,332.333333333333,NA,NA,2021-06-16,4
"39",2021-06-20,NA,"10:26",NA,"exp",NA,213,9.7,"Y",38,325.666666666667,NA,NA,2021-06-16,4
"40",2021-06-20,NA,"10:51",NA,"exp",NA,214,12.2,"N",37,319.666666666667,NA,NA,2021-06-16,4
"41",2021-06-20,NA,"10:33",NA,"exp",NA,215,12.2,"N",43,295.333333333333,NA,NA,2021-06-16,4
"42",2021-06-20,NA,"10:37",NA,"exp",NA,216,11,"N",41,300,NA,NA,2021-06-16,4
"43",2021-06-20,NA,"10:55",NA,"exp",NA,217,12.2,"N",42,335.5,NA,NA,2021-06-16,4
"44",2021-06-20,NA,"10:27",NA,"exp",NA,218,11.2,"Y",39,313.5,NA,NA,2021-06-16,4
"45",2021-06-20,NA,"10:10",NA,"exp",NA,219,11.2,"Y",40,339,NA,NA,2021-06-16,4
"46",2021-06-20,NA,"9:29",NA,"exp",NA,220,10.5,"Y",45,329.333333333333,NA,NA,2021-06-16,4
"47",2021-06-20,NA,"9:35",NA,"exp",NA,221,9.4,"N",34,344.333333333333,NA,NA,2021-06-16,4
"48",2021-06-20,NA,"10:41",NA,"exp",NA,222,8.6,"N",38,338,NA,NA,2021-06-16,4
"49",2021-06-20,NA,"9:42",NA,"exp",NA,223,11.4,"Y",35,339.666666666667,NA,NA,2021-06-16,4
"50",2021-06-20,NA,"10:43",NA,"exp",NA,224,10.9,"N",45,349,NA,NA,2021-06-16,4
"51",2021-06-20,NA,"9:53",NA,"exp",NA,225,9.3,"N",30,359,NA,NA,2021-06-16,4
"52",2021-06-20,NA,"10:04",NA,"exp",NA,226,8.1,"N",34,362.5,NA,NA,2021-06-16,4
"53",2021-06-21,NA,"10:00",NA,"exp",NA,201,8.6,NA,NA,NA,NA,NA,2021-06-16,5
"54",2021-06-21,NA,"10:17",NA,"exp",NA,202,10.3,NA,NA,NA,NA,NA,2021-06-16,5
"55",2021-06-21,NA,"10:06",NA,"exp",NA,203,11,NA,NA,NA,NA,NA,2021-06-16,5
"56",2021-06-21,NA,"10:26",NA,"exp",NA,204,13.6,NA,NA,NA,NA,NA,2021-06-16,5
"57",2021-06-21,NA,"10:37",NA,"exp",NA,205,11.2,NA,NA,NA,NA,NA,2021-06-16,5
"58",2021-06-21,NA,"10:02",NA,"exp",NA,206,9.9,NA,NA,NA,NA,NA,2021-06-16,5
"59",2021-06-21,NA,"10:18",NA,"exp",NA,207,12.4,NA,NA,NA,NA,NA,2021-06-16,5
"60",2021-06-21,NA,"10:08",NA,"exp",NA,208,10.8,NA,NA,NA,NA,NA,2021-06-16,5
"61",2021-06-21,NA,"10:32",NA,"exp",NA,209,9.6,NA,NA,NA,NA,NA,2021-06-16,5
"62",2021-06-21,NA,"10:09",NA,"exp",NA,210,11.3,NA,NA,NA,NA,NA,2021-06-16,5
"63",2021-06-21,NA,"9:47",NA,"exp",NA,211,10,NA,NA,NA,NA,NA,2021-06-16,5
"64",2021-06-21,NA,"10:11",NA,"exp",NA,212,11,NA,NA,NA,NA,NA,2021-06-16,5
"65",2021-06-21,NA,"10:15",NA,"exp",NA,213,9.5,NA,NA,NA,NA,NA,2021-06-16,5
"66",2021-06-21,NA,"10:16",NA,"exp",NA,214,12,NA,NA,NA,NA,NA,2021-06-16,5
"67",2021-06-21,NA,"10:26",NA,"exp",NA,215,11.9,NA,NA,NA,NA,NA,2021-06-16,5
"68",2021-06-21,NA,"10:42",NA,"exp",NA,216,10.8,NA,NA,NA,NA,NA,2021-06-16,5
"69",2021-06-21,NA,"10:14",NA,"exp",NA,217,12,NA,NA,NA,NA,NA,2021-06-16,5
"70",2021-06-21,NA,"10:24",NA,"exp",NA,218,10.9,NA,NA,NA,NA,NA,2021-06-16,5
"71",2021-06-21,NA,"10:06",NA,"exp",NA,219,10.6,NA,NA,NA,NA,NA,2021-06-16,5
"72",2021-06-21,NA,"9:59",NA,"exp",NA,220,10.2,NA,NA,NA,NA,NA,2021-06-16,5
"73",2021-06-21,NA,"10:01",NA,"exp",NA,221,9.3,NA,NA,NA,NA,NA,2021-06-16,5
"74",2021-06-21,NA,"10:36",NA,"exp",NA,222,8.4,NA,NA,NA,NA,NA,2021-06-16,5
"75",2021-06-21,NA,"9:51",NA,"exp",NA,223,10.9,NA,NA,NA,NA,NA,2021-06-16,5
"76",2021-06-21,NA,"10:25",NA,"exp",NA,224,10.7,NA,NA,NA,NA,NA,2021-06-16,5
"77",2021-06-21,NA,"9:54",NA,"exp",NA,225,8.8,NA,NA,NA,NA,NA,2021-06-16,5
"78",2021-06-21,NA,"9:49",NA,"exp",NA,226,7.6,NA,NA,NA,NA,NA,2021-06-16,5
"79",2021-06-22,NA,"9:41",NA,"exp",NA,201,8.1,NA,NA,NA,NA,NA,2021-06-16,6
"80",2021-06-22,NA,"10:08",NA,"exp",NA,202,10.2,NA,NA,NA,NA,NA,2021-06-16,6
"81",2021-06-22,NA,"9:49",NA,"exp",NA,203,10.7,NA,NA,NA,NA,NA,2021-06-16,6
"82",2021-06-22,NA,"10:16",NA,"exp",NA,204,13.4,NA,NA,NA,NA,NA,2021-06-16,6
"83",2021-06-22,NA,"10:21",NA,"exp",NA,205,11,NA,NA,NA,NA,NA,2021-06-16,6
"84",2021-06-22,NA,"9:42",NA,"exp",NA,206,9.6,NA,NA,NA,NA,NA,2021-06-16,6
"85",2021-06-22,NA,"10:09",NA,"exp",NA,207,12.3,NA,NA,NA,NA,NA,2021-06-16,6
"86",2021-06-22,NA,"9:50",NA,"exp",NA,208,10.4,NA,NA,NA,NA,NA,2021-06-16,6
"87",2021-06-22,NA,"10:19",NA,"exp",NA,209,9.4,NA,NA,NA,NA,NA,2021-06-16,6
"88",2021-06-22,NA,"9:51",NA,"exp",NA,210,11,NA,NA,NA,NA,NA,2021-06-16,6
"89",2021-06-22,NA,"9:59",NA,"exp",NA,211,9.7,NA,NA,NA,NA,NA,2021-06-16,6
"90",2021-06-22,NA,"9:47",NA,"exp",NA,212,10.8,NA,NA,NA,NA,NA,2021-06-16,6
"91",2021-06-22,NA,"10:09",NA,"exp",NA,213,9.4,NA,NA,NA,NA,NA,2021-06-16,6
"92",2021-06-22,NA,"10:13",NA,"exp",NA,214,11.9,NA,NA,NA,NA,NA,2021-06-16,6
"93",2021-06-22,NA,"10:15",NA,"exp",NA,215,11.9,NA,NA,NA,NA,NA,2021-06-16,6
"94",2021-06-22,NA,"10:20",NA,"exp",NA,216,10.7,NA,NA,NA,NA,NA,2021-06-16,6
"95",2021-06-22,NA,"10:07",NA,"exp",NA,217,12,NA,NA,NA,NA,NA,2021-06-16,6
"96",2021-06-22,NA,"10:14",NA,"exp",NA,218,10.8,NA,NA,NA,NA,NA,2021-06-16,6
"97",2021-06-22,NA,"9:57",NA,"exp",NA,219,10.1,NA,NA,NA,NA,NA,2021-06-16,6
"98",2021-06-22,NA,"9:45",NA,"exp",NA,220,9.7,NA,NA,NA,NA,NA,2021-06-16,6
"99",2021-06-22,NA,"9:43",NA,"exp",NA,221,9,NA,NA,NA,NA,NA,2021-06-16,6
"100",2021-06-22,NA,"10:18",NA,"exp",NA,222,8.3,NA,NA,NA,NA,NA,2021-06-16,6
"101",2021-06-22,NA,"9:58",NA,"exp",NA,223,10.8,NA,NA,NA,NA,NA,2021-06-16,6
"102",2021-06-22,NA,"10:11",NA,"exp",NA,224,10.7,NA,NA,NA,NA,NA,2021-06-16,6
"103",2021-06-22,NA,"9:54",NA,"exp",NA,225,8.7,NA,NA,NA,NA,NA,2021-06-16,6
"104",2021-06-22,NA,"9:55",NA,"exp",NA,226,7.5,NA,NA,NA,NA,NA,2021-06-16,6
"105",2021-06-23,NA,"9:28",NA,"exp",NA,201,8,NA,NA,NA,NA,NA,2021-06-16,7
"106",2021-06-23,NA,"9:38",NA,"exp",NA,202,10,NA,NA,NA,NA,NA,2021-06-16,7
"107",2021-06-23,NA,"9:13",NA,"exp",NA,203,10.3,NA,NA,NA,NA,NA,2021-06-16,7
"108",2021-06-23,NA,"9:35",NA,"exp",NA,204,13.3,NA,NA,NA,NA,NA,2021-06-16,7
"109",2021-06-23,NA,"9:44",NA,"exp",NA,205,10.8,NA,NA,NA,NA,NA,2021-06-16,7
"110",2021-06-23,NA,"9:24",NA,"exp",NA,206,9.4,NA,NA,NA,NA,NA,2021-06-16,7
"111",2021-06-23,NA,"9:36",NA,"exp",NA,207,12.1,NA,NA,NA,NA,NA,2021-06-16,7
"112",2021-06-23,NA,"9:17",NA,"exp",NA,208,10.2,NA,NA,NA,NA,NA,2021-06-16,7
"113",2021-06-23,NA,"9:40",NA,"exp",NA,209,9.4,NA,NA,NA,NA,NA,2021-06-16,7
"114",2021-06-23,NA,"9:16",NA,"exp",NA,210,10.2,NA,NA,NA,NA,NA,2021-06-16,7
"115",2021-06-23,NA,"9:12",NA,"exp",NA,211,9.3,NA,NA,NA,NA,NA,2021-06-16,7
"116",2021-06-23,NA,"9:39",NA,"exp",NA,213,9.3,NA,NA,NA,NA,NA,2021-06-16,7
"117",2021-06-23,NA,"9:31",NA,"exp",NA,214,12.4,NA,NA,NA,NA,NA,2021-06-16,7
"118",2021-06-23,NA,"9:33",NA,"exp",NA,215,11.7,NA,NA,NA,NA,NA,2021-06-16,7
"119",2021-06-23,NA,"9:40",NA,"exp",NA,216,10.4,NA,NA,NA,NA,NA,2021-06-16,7
"120",2021-06-23,NA,"9:36",NA,"exp",NA,217,12,NA,NA,NA,NA,NA,2021-06-16,7
"121",2021-06-23,NA,"9:32",NA,"exp",NA,218,10.7,NA,NA,NA,NA,NA,2021-06-16,7
"122",2021-06-23,NA,"9:19",NA,"exp",NA,219,9.8,NA,NA,NA,NA,NA,2021-06-16,7
"123",2021-06-23,NA,"9:30",NA,"exp",NA,220,10.7,NA,NA,NA,NA,NA,2021-06-16,7
"124",2021-06-23,NA,"9:26",NA,"exp",NA,221,8.8,NA,NA,NA,NA,NA,2021-06-16,7
"125",2021-06-23,NA,"9:43",NA,"exp",NA,222,8.5,NA,NA,NA,NA,NA,2021-06-16,7
"126",2021-06-23,NA,"9:18",NA,"exp",NA,223,10.4,NA,NA,NA,NA,NA,2021-06-16,7
"127",2021-06-23,NA,"9:34",NA,"exp",NA,224,10.6,NA,NA,NA,NA,NA,2021-06-16,7
"128",2021-06-23,NA,"9:21",NA,"exp",NA,225,8.5,NA,NA,NA,NA,NA,2021-06-16,7
"129",2021-06-23,NA,"9:22",NA,"exp",NA,226,7.4,NA,NA,NA,NA,NA,2021-06-16,7
"130",2021-06-24,NA,"9:24","2021-11-03 09:45:00","exp","post-exp",201,7.9,"N",36,404,26.884,24,2021-06-16,8
"131",2021-06-24,NA,"10:15","2021-11-03 11:22:00","exp","post-exp",202,9.9,"Y",36,411.5,23.1275,25,2021-06-16,8
"132",2021-06-24,NA,"9:26","2021-11-03 10:24:00","exp","post-exp",203,9.8,"Y",38,429,27.798,23,2021-06-16,8
"133",2021-06-24,NA,"10:54","2021-11-03 11:34:00","exp","post-exp",204,12.9,"N",44,401,23.8,25,2021-06-16,8
"134",2021-06-24,NA,"10:17","2021-11-03 10:44:00","exp","post-exp",205,10.3,"N",32,395.5,26.066,25,2021-06-16,8
"135",2021-06-24,NA,"10:22","2021-11-03 11:40:00","exp","post-exp",206,9.3,"N",25,366,30.7866666666667,23,2021-06-16,8
"136",2021-06-24,NA,"9.48","2021-11-03 10:06:00","exp","post-exp",207,12,"N",35,375.666666666667,24.8966666666667,26,2021-06-16,8
"137",2021-06-24,NA,"10:33","2021-11-03 11:02:00","exp","post-exp",208,9.9,"N",41,399.666666666667,25.184,25,2021-06-16,8
"138",2021-06-24,NA,"10:06","2021-11-03 10:30:00","exp","post-exp",209,9.2,"N",28,445.5,26.2866666666667,25,2021-06-16,8
"139",2021-06-24,NA,"9:33","2021-11-03 10:00:00","exp","post-exp",210,10.5,"N",35,399.5,26.468,25,2021-06-16,8
"140",2021-06-24,NA,"9:30","2021-11-03 10:18:00","exp","post-exp",211,9.1,"N",26,513.666666666667,21.422,24,2021-06-16,8
"141",2021-06-24,NA,"10:38","2021-11-03 11:53:00","exp","post-exp",213,9.3,"N",29,555.333333333333,20.67,25,2021-06-16,8
"142",2021-06-24,NA,"9:47","2021-11-03 11:10:00","exp","post-exp",214,11.7,"N",29,550.333333333333,35.712,25,2021-06-16,8
"143",2021-06-24,NA,"11:01","2021-11-03 11:16:00","exp","post-exp",215,11.7,"N",35,545,25.986,26,2021-06-16,8
"144",2021-06-24,NA,"10:46","2021-11-03 12:06:00","exp","post-exp",216,10.2,"Y",30,543.5,21.7125,25,2021-06-16,8
"145",2021-06-24,NA,"9:52","2021-11-03 10:37:00","exp","post-exp",217,11.8,"Y",36,543.5,23.658,25,2021-06-16,8
"146",2021-06-24,NA,"9:38","2021-11-03 09:54:00","exp","post-exp",218,10.7,"Y",37,540.5,20.902,27,2021-06-16,8
"147",2021-06-24,NA,"9:07","2021-11-03 09:39:00","exp","post-exp",219,9.3,"Y",34,576,42.798,23,2021-06-16,8
"148",2021-06-24,NA,"9:14","2021-11-03 09:31:00","exp","post-exp",220,9.4,"N",29,536.666666666667,54.828,25,2021-06-16,8
"149",2021-06-24,NA,"10:01","2021-11-03 10:51:00","exp","post-exp",221,8.3,"N",36,567.333333333333,28.486,25,2021-06-16,8
"150",2021-06-24,NA,"10:42","2021-11-03 11:48:00","exp","post-exp",222,8,"Y",48,314.5,26.786,23,2021-06-16,8
"151",2021-06-24,NA,"10:57","2021-11-03 12:10:00","exp","post-exp",223,10.2,"Y",32,393,25.818,24,2021-06-16,8
"152",2021-06-24,NA,"9:18","2021-11-03 10:56:00","exp","post-exp",224,10.5,"N",37,395,35.075,25,2021-06-16,8
"153",2021-06-24,NA,"9:54","2021-11-03 10:12:00","exp","post-exp",225,9,"N",24,364,56.066,24,2021-06-16,8
"154",2021-06-24,NA,"10:24","2021-11-03 11:58:00","exp","post-exp",226,7.6,"Y",27,381,34.744,24,2021-06-16,8
"155",2021-06-26,NA,"9:47",NA,"rehab",NA,201,7.1,"N",29,383,NA,NA,2021-06-16,10
"156",2021-06-26,NA,"10:28",NA,"rehab",NA,202,10,"N",33,381.666666666667,NA,NA,2021-06-16,10
"157",2021-06-26,NA,"10:05",NA,"rehab",NA,203,9.6,"N",33,395.5,NA,NA,2021-06-16,10
"158",2021-06-26,NA,"9:27",NA,"rehab",NA,204,15.1,"N",26,327.666666666667,NA,NA,2021-06-16,10
"159",2021-06-26,NA,"10:02",NA,"rehab",NA,205,10.9,"Y",28,338,NA,NA,2021-06-16,10
"160",2021-06-26,NA,"9:37",NA,"rehab",NA,206,9,"Y",21,348.333333333333,NA,NA,2021-06-16,10
"161",2021-06-26,NA,"9:50",NA,"rehab",NA,207,13,"N",29,328.333333333333,NA,NA,2021-06-16,10
"162",2021-06-26,NA,"10:20",NA,"rehab",NA,208,11,"N",26,321.333333333333,NA,NA,2021-06-16,10
"163",2021-06-26,NA,"10:10",NA,"rehab",NA,209,9.9,"N",22,374.666666666667,NA,NA,2021-06-16,10
"164",2021-06-26,NA,"9:59",NA,"rehab",NA,210,9.9,"N",23,358.333333333333,NA,NA,2021-06-16,10
"165",2021-06-26,NA,"10:38",NA,"rehab",NA,211,8.4,"N",25,341.666666666667,NA,NA,2021-06-16,10
"166",2021-06-26,NA,"9:37",NA,"rehab",NA,213,9.4,"N",29,337.5,NA,NA,2021-06-16,10
"167",2021-06-26,NA,"10:31",NA,"rehab",NA,214,11.1,"N",25,348.666666666667,NA,NA,2021-06-16,10
"168",2021-06-26,NA,"10:24",NA,"rehab",NA,215,13.2,"N",13,339.333333333333,NA,NA,2021-06-16,10
"169",2021-06-26,NA,"9:23",NA,"rehab",NA,216,11.7,"N",25,314,NA,NA,2021-06-16,10
"170",2021-06-26,NA,"10:17",NA,"rehab",NA,217,12.9,"N",33,332,NA,NA,2021-06-16,10
"171",2021-06-26,NA,"9:53",NA,"rehab",NA,218,11.8,"N",19,351.666666666667,NA,NA,2021-06-16,10
"172",2021-06-26,NA,"9:58",NA,"rehab",NA,219,8.7,"N",NA,NA,NA,NA,2021-06-16,10
"173",2021-06-26,NA,"9:55",NA,"rehab",NA,220,8.6,"N",21,356,NA,NA,2021-06-16,10
"174",2021-06-26,NA,"10:34",NA,"rehab",NA,221,8.4,"N",24,353.333333333333,NA,NA,2021-06-16,10
"175",2021-06-26,NA,"9:20",NA,"rehab",NA,222,8.3,"N",40,342.666666666667,NA,NA,2021-06-16,10
"176",2021-06-26,NA,"9:31",NA,"rehab",NA,223,10.4,"N",29,355.333333333333,NA,NA,2021-06-16,10
"177",2021-06-26,NA,"10:42",NA,"rehab",NA,224,11.6,"N",32,345,NA,NA,2021-06-16,10
"178",2021-06-26,NA,"9:42",NA,"rehab",NA,225,8.5,"Y",25,364.5,NA,NA,2021-06-16,10
"179",2021-06-26,NA,"10:13",NA,"rehab",NA,226,7.4,"N",28,358,NA,NA,2021-06-16,10
"180",2021-06-26,"10:00","11:24","2021-11-03 12:08:00","exp","capture",227,13.3,"N",46,334,15.3666666666667,25,2021-06-26,0
"181",2021-06-26,"10:10","11:30","2021-11-03 12:14:00","exp","capture",228,13.2,"N",43,324.5,18.922,26,2021-06-26,0
"182",2021-06-26,"9:35","11:35","2021-11-03 12:21:00","exp","capture",229,12.8,"N",32,337.666666666667,14.76,25,2021-06-26,0
"183",2021-06-26,"10:19","11:40","2021-11-03 12:27:00","exp","capture",230,12.1,"N",47,323,19.094,26,2021-06-26,0
"184",2021-06-26,"10:52","11:47","2021-11-03 12:33:00","exp","capture",231,13.4,"N",41,340.666666666667,16.538,25,2021-06-26,0
"185",2021-06-26,"9:55","11:50","2021-11-03 12:40:00","exp","capture",232,16.1,"N",37,327.333333333333,16.646,26,2021-06-26,0
"186",2021-06-26,"9:41","11:56","2021-11-03 12:45:00","exp","capture",233,10,"N",38,336.5,17.24,26,2021-06-26,0
"187",2021-06-26,"10:15","12:01","2021-11-03 12:51:00","exp","capture",234,11.6,"N",40,332.333333333333,21.9375,25,2021-06-26,0
"188",2021-06-26,"9:23","12:05","2021-11-03 12:57:00","exp","capture",235,10.4,"N",49,323.666666666667,14.242,26,2021-06-26,0
"189",2021-06-26,"10:43","12:08","2021-11-03 13:07:00","exp","capture",236,12.3,"N",47,334.333333333333,18.846,26,2021-06-26,0
"190",2021-06-26,"10:01","12:11","2021-11-03 13:15:00","exp","capture",237,13.3,"N",43,321.666666666667,19.234,25,2021-06-26,0
"191",2021-06-26,"9:46","12:15","2021-11-03 13:21:00","exp","capture",238,9.9,"N",35,341,18.982,25,2021-06-26,0
"192",2021-06-26,"10:52","12:19","2021-11-03 13:28:00","exp","capture",239,12.4,"N",41,325.5,20.3775,25,2021-06-26,0
"193",2021-06-26,"10:05","12:23","2021-11-03 13:33:00","exp","capture",240,11.6,"N",31,324.666666666667,23.2266666666667,25,2021-06-26,0
"194",2021-06-26,"11:16","12:27","2021-11-03 13:42:00","exp","capture",241,12.3,"N",39,325,17.594,25,2021-06-26,0
"195",2021-06-26,"9:55","12:58","2021-11-03 13:51:00","exp","capture",242,11.3,"N",36,330.333333333333,21.264,25,2021-06-26,0
"196",2021-06-26,"9:50","13:04","2021-11-03 13:57:00","exp","capture",243,15.8,"N",39,343.333333333333,22.0375,25,2021-06-26,0
"197",2021-06-26,"12:41","13:10","2021-11-03 14:03:00","exp","capture",244,9.6,"N",31,326,19.224,25,2021-06-26,0
"198",2021-06-26,"9:20","13:13","2021-11-03 14:10:00","exp","capture",245,13.5,"N",46,325.5,21.6175,25,2021-06-26,0
"199",2021-06-26,"13:56","11:24","2021-11-03 16:47:00","exp","capture",246,11.3,"N",43,341.5,26.195,27,2021-06-26,0
"200",2021-06-26,"14:36","15:15","2021-11-03 16:53:00","exp","capture",247,11.6,"N",44,344.5,27.2375,25,2021-06-26,0
"201",2021-06-26,"14:09","15:20","2021-11-03 16:59:00","exp","capture",248,10.9,"Y",43,335,21.538,26,2021-06-26,0
"202",2021-06-26,"14:19","15:23","2021-11-03 17:06:00","exp","capture",249,11.6,"N",39,341,24.152,26,2021-06-26,0
"203",2021-06-26,"14:45","15:26","2021-11-03 17:14:00","exp","capture",250,9.6,"N",45,371,23.262,26,2021-06-26,0
"204",2021-06-26,"9:34","15:31","2021-11-03 17:20:00","exp","capture",251,9.2,"N",32,321,23.635,26,2021-06-26,0
"205",2021-06-26,"15:36","16:37","2021-11-03 17:25:00","exp","capture",252,12.6,"N",41,352.666666666667,26.6333333333333,26,2021-06-26,0
"206",2021-06-26,"15:54","16:41","2021-11-03 17:31:00","exp","capture",253,10,"N",52,341.666666666667,21.796,25,2021-06-26,0
"207",2021-06-26,"13:35","16:46",NA,"exp",NA,254,9.8,"N",32,319.333333333333,NA,NA,2021-06-26,0
"208",2021-06-26,"14:00","16:49","2021-11-03 17:47:00","exp","capture",255,9.9,"Y",41,328.666666666667,23.86,26,2021-06-26,0
"209",2021-06-26,"14:00","16:57","2021-11-03 17:55:00","exp","capture",256,13.2,"N",40,362,20.156,26,2021-06-26,0
"210",2021-06-26,"15:24","17:01","2021-11-03 18:01:00","exp","capture",257,9.3,"Y",45,305,19.882,26,2021-06-26,0
"211",2021-06-26,"15:10","17:06","2021-11-03 18:09:00","exp","capture",258,11.3,"N",33,346.666666666667,20.796,26,2021-06-26,0
"212",2021-06-30,NA,"9:26",NA,"exp",NA,227,12.7,"N",44,353,NA,NA,2021-06-26,4
"213",2021-06-30,NA,"9:26",NA,"exp",NA,228,11.8,"Y",47,375.5,NA,NA,2021-06-26,4
"214",2021-06-30,NA,"9:37",NA,"exp",NA,229,11.7,"N",27,354.666666666667,NA,NA,2021-06-26,4
"215",2021-06-30,NA,"9:38",NA,"exp",NA,230,11.2,"N",41,350,NA,NA,2021-06-26,4
"216",2021-06-30,NA,"9:44",NA,"exp",NA,231,12.5,"N",28,371,NA,NA,2021-06-26,4
"217",2021-06-30,NA,"9:45",NA,"exp",NA,232,13.5,"N",27,409,NA,NA,2021-06-26,4
"218",2021-06-30,NA,"9:51",NA,"exp",NA,233,8.3,"N",43,393,NA,NA,2021-06-26,4
"219",2021-06-30,NA,"9:52",NA,"exp",NA,234,10.9,"N",38,370,NA,NA,2021-06-26,4
"220",2021-06-30,NA,"9:59",NA,"exp",NA,235,9.7,"N",46,370,NA,NA,2021-06-26,4
"221",2021-06-30,NA,"10:00",NA,"exp",NA,236,11.2,"N",33,394.333333333333,NA,NA,2021-06-26,4
"222",2021-06-30,NA,"10:07",NA,"exp",NA,237,12.5,"N",36,381.666666666667,NA,NA,2021-06-26,4
"223",2021-06-30,NA,"10:09",NA,"exp",NA,238,9.1,"N",35,397.666666666667,NA,NA,2021-06-26,4
"224",2021-06-30,NA,"10:15",NA,"exp",NA,239,11.5,"N",34,384,NA,NA,2021-06-26,4
"225",2021-06-30,NA,"10:15",NA,"exp",NA,240,10.4,"N",26,392.333333333333,NA,NA,2021-06-26,4
"226",2021-06-30,NA,"10:21",NA,"exp",NA,241,10.8,"N",35,406.666666666667,NA,NA,2021-06-26,4
"227",2021-06-30,NA,"10:23",NA,"exp",NA,242,10.1,"N",31,353,NA,NA,2021-06-26,4
"228",2021-06-30,NA,"10:24",NA,"exp",NA,243,14.6,"N",35,355.333333333333,NA,NA,2021-06-26,4
"229",2021-06-30,NA,"10:28",NA,"exp",NA,244,8.7,"N",29,358,NA,NA,2021-06-26,4
"230",2021-06-30,NA,"10:35",NA,"exp",NA,245,13,"Y",36,385,NA,NA,2021-06-26,4
"231",2021-06-30,NA,"10:37",NA,"exp",NA,246,9.6,"Y",34,415,NA,NA,2021-06-26,4
"232",2021-06-30,NA,"10:50",NA,"exp",NA,247,10.1,"N",32,387.666666666667,NA,NA,2021-06-26,4
"233",2021-06-30,NA,"10:56",NA,"exp",NA,249,10.7,"N",33,356.666666666667,NA,NA,2021-06-26,4
"234",2021-06-30,NA,"10:59",NA,"exp",NA,250,8.2,"N",36,402.333333333333,NA,NA,2021-06-26,4
"235",2021-06-30,NA,"11:05",NA,"exp",NA,251,8.5,"N",29,352.666666666667,NA,NA,2021-06-26,4
"236",2021-06-30,NA,"11:11",NA,"exp",NA,252,11.9,"N",35,379,NA,NA,2021-06-26,4
"237",2021-06-30,NA,"11:12",NA,"exp",NA,253,9.3,"Y",47,362,NA,NA,2021-06-26,4
"238",2021-06-30,NA,"11:13",NA,"exp",NA,255,8.5,NA,NA,NA,NA,NA,2021-06-26,4
"239",2021-06-30,NA,"11:23",NA,"exp",NA,256,12.5,"N",38,427,NA,NA,2021-06-26,4
"240",2021-06-30,NA,"11:26",NA,"exp",NA,257,8.5,"Y",47,376.5,NA,NA,2021-06-26,4
"241",2021-06-30,NA,"11:27",NA,"exp",NA,258,10.8,"N",38,399,NA,NA,2021-06-26,4
"242",2021-07-01,NA,"9:13",NA,"exp",NA,227,12.5,NA,NA,NA,NA,NA,2021-06-26,5
"243",2021-07-01,NA,"10:04",NA,"exp",NA,228,11.4,NA,NA,NA,NA,NA,2021-06-26,5
"244",2021-07-01,NA,"10:05",NA,"exp",NA,229,11.3,NA,NA,NA,NA,NA,2021-06-26,5
"245",2021-07-01,NA,"9:20",NA,"exp",NA,230,11.1,NA,NA,NA,NA,NA,2021-06-26,5
"246",2021-07-01,NA,"9:19",NA,"exp",NA,231,12.2,NA,NA,NA,NA,NA,2021-06-26,5
"247",2021-07-01,NA,"10:05",NA,"exp",NA,232,13.3,NA,NA,NA,NA,NA,2021-06-26,5
"248",2021-07-01,NA,"9:33",NA,"exp",NA,233,7.8,NA,NA,NA,NA,NA,2021-06-26,5
"249",2021-07-01,NA,"9:21",NA,"exp",NA,234,10.8,NA,NA,NA,NA,NA,2021-06-26,5
"250",2021-07-01,NA,"9:11",NA,"exp",NA,235,9.6,NA,NA,NA,NA,NA,2021-06-26,5
"251",2021-07-01,NA,"9:32",NA,"exp",NA,236,10.6,NA,NA,NA,NA,NA,2021-06-26,5
"252",2021-07-01,NA,"10:02",NA,"exp",NA,237,12,NA,NA,NA,NA,NA,2021-06-26,5
"253",2021-07-01,NA,"9:01",NA,"exp",NA,238,8.9,NA,NA,NA,NA,NA,2021-06-26,5
"254",2021-07-01,NA,"9:15",NA,"exp",NA,239,11.5,NA,NA,NA,NA,NA,2021-06-26,5
"255",2021-07-01,NA,"9:25",NA,"exp",NA,240,9.9,NA,NA,NA,NA,NA,2021-06-26,5
"256",2021-07-01,NA,"9:28",NA,"exp",NA,241,10.5,NA,NA,NA,NA,NA,2021-06-26,5
"257",2021-07-01,NA,"9:30",NA,"exp",NA,242,10.8,NA,NA,NA,NA,NA,2021-06-26,5
"258",2021-07-01,NA,"10:00",NA,"exp",NA,243,14.3,NA,NA,NA,NA,NA,2021-06-26,5
"259",2021-07-01,NA,"9:31",NA,"exp",NA,244,8.4,NA,NA,NA,NA,NA,2021-06-26,5
"260",2021-07-01,NA,"9:01",NA,"exp",NA,245,12.6,NA,NA,NA,NA,NA,2021-06-26,5
"261",2021-07-01,NA,"9:29",NA,"exp",NA,246,9.3,NA,NA,NA,NA,NA,2021-06-26,5
"262",2021-07-01,NA,"9:35",NA,"exp",NA,247,9.7,NA,NA,NA,NA,NA,2021-06-26,5
"263",2021-07-01,NA,"9:18",NA,"exp",NA,249,10.5,NA,NA,NA,NA,NA,2021-06-26,5
"264",2021-07-01,NA,"10:05",NA,"exp",NA,250,8.1,NA,NA,NA,NA,NA,2021-06-26,5
"265",2021-07-01,NA,"9:14",NA,"exp",NA,251,8.7,NA,NA,NA,NA,NA,2021-06-26,5
"266",2021-07-01,NA,"9:05",NA,"exp",NA,252,11.6,NA,NA,NA,NA,NA,2021-06-26,5
"267",2021-07-01,NA,"9:06",NA,"exp",NA,253,8.8,NA,NA,NA,NA,NA,2021-06-26,5
"268",2021-07-01,NA,"10:00",NA,"exp",NA,255,8.2,NA,NA,NA,NA,NA,2021-06-26,5
"269",2021-07-01,NA,"9:08",NA,"exp",NA,256,12.3,NA,NA,NA,NA,NA,2021-06-26,5
"270",2021-07-01,NA,"9:05",NA,"exp",NA,257,8.3,NA,NA,NA,NA,NA,2021-06-26,5
"271",2021-07-01,NA,"9:02",NA,"exp",NA,258,10.4,NA,NA,NA,NA,NA,2021-06-26,5
"272",2021-07-02,NA,"9:39",NA,"exp",NA,227,12.5,NA,NA,NA,NA,NA,2021-06-26,6
"273",2021-07-02,NA,"9:23",NA,"exp",NA,228,11.2,NA,NA,NA,NA,NA,2021-06-26,6
"274",2021-07-02,NA,"9:27",NA,"exp",NA,229,11.2,NA,NA,NA,NA,NA,2021-06-26,6
"275",2021-07-02,NA,"9:41",NA,"exp",NA,230,11,NA,NA,NA,NA,NA,2021-06-26,6
"276",2021-07-02,NA,"9:41",NA,"exp",NA,231,11.7,NA,NA,NA,NA,NA,2021-06-26,6
"277",2021-07-02,NA,"9:24",NA,"exp",NA,232,13,NA,NA,NA,NA,NA,2021-06-26,6
"278",2021-07-02,NA,"9:14",NA,"exp",NA,233,7.3,NA,NA,NA,NA,NA,2021-06-26,6
"279",2021-07-02,NA,"9:41",NA,"exp",NA,234,10.7,NA,NA,NA,NA,NA,2021-06-26,6
"280",2021-07-02,NA,"9:38",NA,"exp",NA,235,9.5,NA,NA,NA,NA,NA,2021-06-26,6
"281",2021-07-02,NA,"9:12",NA,"exp",NA,236,10.7,NA,NA,NA,NA,NA,2021-06-26,6
"282",2021-07-02,NA,"9:24",NA,"exp",NA,237,11.2,NA,NA,NA,NA,NA,2021-06-26,6
"283",2021-07-02,NA,"9:45",NA,"exp",NA,238,8.6,NA,NA,NA,NA,NA,2021-06-26,6
"284",2021-07-02,NA,"9:37",NA,"exp",NA,239,11.4,NA,NA,NA,NA,NA,2021-06-26,6
"285",2021-07-02,NA,"9:29",NA,"exp",NA,240,8.1,NA,NA,NA,NA,NA,2021-06-26,6
"286",2021-07-02,NA,"9:30",NA,"exp",NA,241,10.2,NA,NA,NA,NA,NA,2021-06-26,6
"287",2021-07-02,NA,"9:29",NA,"exp",NA,242,9.8,NA,NA,NA,NA,NA,2021-06-26,6
"288",2021-07-02,NA,"9:19",NA,"exp",NA,243,13.9,NA,NA,NA,NA,NA,2021-06-26,6
"289",2021-07-02,NA,"9:10",NA,"exp",NA,244,8.1,NA,NA,NA,NA,NA,2021-06-26,6
"290",2021-07-02,NA,"9:45",NA,"exp",NA,245,12.6,NA,NA,NA,NA,NA,2021-06-26,6
"291",2021-07-02,NA,"9:29",NA,"exp",NA,246,9,NA,NA,NA,NA,NA,2021-06-26,6
"292",2021-07-02,NA,"9:15",NA,"exp",NA,247,9.4,NA,NA,NA,NA,NA,2021-06-26,6
"293",2021-07-02,NA,"9:40",NA,"exp",NA,249,10.4,NA,NA,NA,NA,NA,2021-06-26,6
"294",2021-07-02,NA,"9:25",NA,"exp",NA,250,8,NA,NA,NA,NA,NA,2021-06-26,6
"295",2021-07-02,NA,"9:36",NA,"exp",NA,251,8.6,NA,NA,NA,NA,NA,2021-06-26,6
"296",2021-07-02,NA,"9:34",NA,"exp",NA,252,11.6,NA,NA,NA,NA,NA,2021-06-26,6
"297",2021-07-02,NA,"9:34",NA,"exp",NA,253,8.8,NA,NA,NA,NA,NA,2021-06-26,6
"298",2021-07-02,NA,"9:20",NA,"exp",NA,255,8,NA,NA,NA,NA,NA,2021-06-26,6
"299",2021-07-02,NA,"9:32",NA,"exp",NA,256,12,NA,NA,NA,NA,NA,2021-06-26,6
"300",2021-07-02,NA,"9:35",NA,"exp",NA,257,7.9,NA,NA,NA,NA,NA,2021-06-26,6
"301",2021-07-02,NA,"9:43",NA,"exp",NA,258,10.6,NA,NA,NA,NA,NA,2021-06-26,6
"302",2021-07-03,NA,"10:22",NA,"exp",NA,227,12.4,NA,NA,NA,NA,NA,2021-06-26,7
"303",2021-07-03,NA,"10:47",NA,"exp",NA,228,10.8,NA,NA,NA,NA,NA,2021-06-26,7
"304",2021-07-03,NA,"10:49",NA,"exp",NA,229,10.9,NA,NA,NA,NA,NA,2021-06-26,7
"305",2021-07-03,NA,"10:27",NA,"exp",NA,230,10.9,NA,NA,NA,NA,NA,2021-06-26,7
"306",2021-07-03,NA,"10:25",NA,"exp",NA,231,12,NA,NA,NA,NA,NA,2021-06-26,7
"307",2021-07-03,NA,"10:47",NA,"exp",NA,232,12.3,NA,NA,NA,NA,NA,2021-06-26,7
"308",2021-07-03,NA,"10:26",NA,"exp",NA,234,10.6,NA,NA,NA,NA,NA,2021-06-26,7
"309",2021-07-03,NA,"10:23",NA,"exp",NA,235,9.3,NA,NA,NA,NA,NA,2021-06-26,7
"310",2021-07-03,NA,"10:39",NA,"exp",NA,236,10.4,NA,NA,NA,NA,NA,2021-06-26,7
"311",2021-07-03,NA,"10:45",NA,"exp",NA,237,11.7,NA,NA,NA,NA,NA,2021-06-26,7
"312",2021-07-03,NA,"10:09",NA,"exp",NA,238,8.7,NA,NA,NA,NA,NA,2021-06-26,7
"313",2021-07-03,NA,"10:19",NA,"exp",NA,239,11.4,NA,NA,NA,NA,NA,2021-06-26,7
"314",2021-07-03,NA,"10:32",NA,"exp",NA,240,9.1,NA,NA,NA,NA,NA,2021-06-26,7
"315",2021-07-03,NA,"10:35",NA,"exp",NA,241,10,NA,NA,NA,NA,NA,2021-06-26,7
"316",2021-07-03,NA,"10:36",NA,"exp",NA,242,9.5,NA,NA,NA,NA,NA,2021-06-26,7
"317",2021-07-03,NA,"10:42",NA,"exp",NA,243,13.6,NA,NA,NA,NA,NA,2021-06-26,7
"318",2021-07-03,NA,"10:37",NA,"exp",NA,244,7.9,NA,NA,NA,NA,NA,2021-06-26,7
"319",2021-07-03,NA,"10:10",NA,"exp",NA,245,12.3,NA,NA,NA,NA,NA,2021-06-26,7
"320",2021-07-03,NA,"10:36",NA,"exp",NA,246,8.6,NA,NA,NA,NA,NA,2021-06-26,7
"321",2021-07-03,NA,"10:44",NA,"exp",NA,247,9.1,NA,NA,NA,NA,NA,2021-06-26,7
"322",2021-07-03,NA,"10:24",NA,"exp",NA,249,10.3,NA,NA,NA,NA,NA,2021-06-26,7
"323",2021-07-03,NA,NA,NA,"exp",NA,250,7.6,NA,NA,NA,NA,NA,2021-06-26,7
"324",2021-07-03,NA,"10:20",NA,"exp",NA,251,8.6,NA,NA,NA,NA,NA,2021-06-26,7
"325",2021-07-03,NA,"10:12",NA,"exp",NA,252,11.5,NA,NA,NA,NA,NA,2021-06-26,7
"326",2021-07-03,NA,"10:14",NA,"exp",NA,253,8.6,NA,NA,NA,NA,NA,2021-06-26,7
"327",2021-07-03,NA,"10:43",NA,"exp",NA,255,7.9,NA,NA,NA,NA,NA,2021-06-26,7
"328",2021-07-03,NA,"10:16",NA,"exp",NA,256,11.4,NA,NA,NA,NA,NA,2021-06-26,7
"329",2021-07-03,NA,"10:13",NA,"exp",NA,257,7.8,NA,NA,NA,NA,NA,2021-06-26,7
"330",2021-07-03,NA,"10:11",NA,"exp",NA,258,10.5,NA,NA,NA,NA,NA,2021-06-26,7
"331",2021-07-04,NA,"10:03","2021-11-03 10:13:00","exp","post-exp",227,12.3,"N",33,330,16.212,26,2021-06-26,8
"332",2021-07-04,NA,"11:01","2021-11-03 11:43:00","exp","post-exp",228,10.5,"N",29,340.333333333333,20.6425,26,2021-06-26,8
"333",2021-07-04,NA,"10:08","2021-11-03 10:22:00","exp","post-exp",229,10.7,"N",18,345.333333333333,34.508,23,2021-06-26,8
"334",2021-07-04,NA,"11:09","2021-11-03 11:50:00","exp","post-exp",230,10.6,"N",40,329.666666666667,19.318,25,2021-06-26,8
"335",2021-07-04,NA,"10:39","2021-11-03 11:14:00","exp","post-exp",231,11.9,"N",31,337,24.03,24,2021-06-26,8
"336",2021-07-04,NA,"10:26","2021-11-03 10:59:00","exp","post-exp",232,11.9,"N",23,367,19.455,25,2021-06-26,8
"337",2021-07-04,NA,"9:48","2021-11-03 09:57:00","exp","post-exp",234,10.4,"N",31,330,18.67,25,2021-06-26,8
"338",2021-07-04,NA,"10:51","2021-11-03 11:38:00","exp","post-exp",235,9.3,"Y",30,319.666666666667,15.426,25,2021-06-26,8
"339",2021-07-04,NA,"10:58","2021-11-03 11:59:00","exp","post-exp",236,10.3,"N",26,346.666666666667,37.7275,24,2021-06-26,8
"340",2021-07-04,NA,"11:12","2021-11-03 12:24:00","exp","post-exp",237,11.6,"N",25,322,31.556,23,2021-06-26,8
"341",2021-07-04,NA,"11:14","2021-11-03 12:18:00","exp","post-exp",238,8.1,"N",25,331.5,14.7275,25,2021-06-26,8
"342",2021-07-04,NA,"10:11","2021-11-03 10:33:00","exp","post-exp",239,11.2,"N",28,328.333333333333,79.2675,23,2021-06-26,8
"343",2021-07-04,NA,"10:48","2021-11-03 11:55:00","exp","post-exp",240,8.8,"N",NA,361.666666666667,39.648,25,2021-06-26,8
"344",2021-07-04,NA,"9:54","2021-11-03 10:00:00","exp","post-exp",241,9.8,"N",NA,336.333333333333,15.828,26,2021-06-26,8
"345",2021-07-04,NA,"9:51","2021-11-03 10:07:00","exp","post-exp",242,9.4,"N",24,329.333333333333,16.38,25,2021-06-26,8
"346",2021-07-04,NA,"11:17","2021-11-03 12:09:00","exp","post-exp",243,13.4,"N",26,331.333333333333,35.506,23,2021-06-26,8
"347",2021-07-04,NA,"10:44","2021-11-03 11:24:00","exp","post-exp",244,7.7,"N",21,343,29.432,23,2021-06-26,8
"348",2021-07-04,NA,"9:40","2021-11-03 09:46:00","exp","post-exp",245,12.4,"Y",33,333.666666666667,24.4625,27,2021-06-26,8
"349",2021-07-04,NA,"11:07","2021-11-03 12:04:00","exp","post-exp",246,8.3,"N",27,396.666666666667,23.11,26,2021-06-26,8
"350",2021-07-04,NA,"10:14","2021-11-03 10:45:00","exp","post-exp",247,8.9,"N",27,357.5,19.2975,26,2021-06-26,8
"351",2021-07-04,NA,"10:42","2021-11-03 11:20:00","exp","post-exp",249,10.3,"N",26,341,21.0825,25,2021-06-26,8
"352",2021-07-04,NA,"10:05","2021-11-03 10:17:00","exp","post-exp",250,7.4,"N",29,382,21.486,24,2021-06-26,8
"353",2021-07-04,NA,"9:35","2021-11-03 09:40:00","exp","post-exp",251,8.5,"N",23,324.333333333333,31.75,25,2021-06-26,8
"354",2021-07-04,NA,"9:44","2021-11-03 09:51:00","exp","post-exp",252,11.4,"N",32,324.666666666667,18.944,26,2021-06-26,8
"355",2021-07-04,NA,"10:17","2021-11-03 10:50:00","exp","post-exp",253,8.6,"N",39,335.333333333333,29.864,23,2021-06-26,8
"356",2021-07-04,NA,"10:20","2021-11-03 10:55:00","exp","post-exp",255,7.7,"Y",NA,348.333333333333,29.846,26,2021-06-26,8
"357",2021-07-04,NA,"10:30","2021-11-03 10:39:00","exp","post-exp",256,11.3,"N",33,409.25,30.608,26,2021-06-26,8
"358",2021-07-04,NA,"10:33","2021-11-03 11:07:00","exp","post-exp",257,7.8,"N",48,356.5,14.7275,26,2021-06-26,8
"359",2021-07-04,NA,"9:24","2021-11-03 09:36:00","exp","post-exp",258,10.4,"N",31,357.666666666667,23.386,25,2021-06-26,8
"360",2021-07-06,NA,"9:55",NA,"rehab",NA,227,11.6,"N",35,365,NA,NA,2021-06-26,10
"361",2021-07-06,NA,"9:25",NA,"rehab",NA,228,10.5,"N",34,365,NA,NA,2021-06-26,10
"362",2021-07-06,NA,"10:30",NA,"rehab",NA,229,10.7,"N",22,354,NA,NA,2021-06-26,10
"363",2021-07-06,NA,"9:51",NA,"rehab",NA,230,10.8,"N",42,373.5,NA,NA,2021-06-26,10
"364",2021-07-06,NA,"10:02",NA,"rehab",NA,231,13.9,"N",27,364.333333333333,NA,NA,2021-06-26,10
"365",2021-07-06,NA,"9:36",NA,"rehab",NA,232,12.2,"N",25,417,NA,NA,2021-06-26,10
"366",2021-07-06,NA,"9:39",NA,"rehab",NA,234,10.8,"N",26,367.666666666667,NA,NA,2021-06-26,10
"367",2021-07-06,NA,"9:54",NA,"rehab",NA,235,10.1,"N",30,347.333333333333,NA,NA,2021-06-26,10
"368",2021-07-06,NA,"9:45",NA,"rehab",NA,236,11.7,"N",30,395,NA,NA,2021-06-26,10
"369",2021-07-06,NA,"9:33",NA,"rehab",NA,237,12.8,"N",31,377.333333333333,NA,NA,2021-06-26,10
"370",2021-07-06,NA,"9:59",NA,"rehab",NA,238,9.8,"N",27,355.666666666667,NA,NA,2021-06-26,10
"371",2021-07-06,NA,"9:28",NA,"rehab",NA,239,11.8,"Y",32,393,NA,NA,2021-06-26,10
"372",2021-07-06,NA,"9:44",NA,"rehab",NA,240,8,"Y",19,403.333333333333,NA,NA,2021-06-26,10
"373",2021-07-06,NA,"9:49",NA,"rehab",NA,241,10,"N",29,376.333333333333,NA,NA,2021-06-26,10
"374",2021-07-06,NA,"10:13",NA,"rehab",NA,242,9.3,"N",25,371,NA,NA,2021-06-26,10
"375",2021-07-06,NA,"10:12",NA,"rehab",NA,243,13.9,"N",34,394.333333333333,NA,NA,2021-06-26,10
"376",2021-07-06,NA,"9:30",NA,"rehab",NA,244,7.1,"N",22,366.333333333333,NA,NA,2021-06-26,10
"377",2021-07-06,NA,"10:16",NA,"rehab",NA,245,13.2,"N",33,364,NA,NA,2021-06-26,10
"378",2021-07-06,NA,"10:04",NA,"rehab",NA,246,8,"Y",28,471.5,NA,NA,2021-06-26,10
"379",2021-07-06,NA,"10:01",NA,"rehab",NA,247,9.4,"N",27,401.333333333333,NA,NA,2021-06-26,10
"380",2021-07-06,NA,"9:45",NA,"rehab",NA,249,11,"N",26,361.333333333333,NA,NA,2021-06-26,10
"381",2021-07-06,NA,"10:36",NA,"rehab",NA,250,7.9,"N",32,416.5,NA,NA,2021-06-26,10
"382",2021-07-06,NA,"9:37",NA,"rehab",NA,251,9.7,"N",34,367.666666666667,NA,NA,2021-06-26,10
"383",2021-07-06,NA,"9:56",NA,"rehab",NA,252,12.9,"Y",30,373,NA,NA,2021-06-26,10
"384",2021-07-06,NA,"10:38",NA,"rehab",NA,253,7.7,"N",47,375.333333333333,NA,NA,2021-06-26,10
"385",2021-07-06,NA,"10:28",NA,"rehab",NA,255,7.3,"N",39,387.5,NA,NA,2021-06-26,10
"386",2021-07-06,NA,"10:25",NA,"rehab",NA,256,13,"N",33,373.333333333333,NA,NA,2021-06-26,10
"387",2021-07-06,NA,"10:20",NA,"rehab",NA,257,7.3,"N",42,351.5,NA,NA,2021-06-26,10
"388",2021-07-06,NA,"10:20",NA,"rehab",NA,258,10.6,"N",28,410,NA,NA,2021-06-26,10
"389",2021-07-20,"10:00","11:14","2021-11-03 11:41:00","exp","capture",259,9,"N",40,356.666666666667,21.928,27,2021-07-20,0
"390",2021-07-20,"9:58","11:20","2021-11-03 11:48:00","exp","capture",260,11.1,"N",35,346,23.97,27,2021-07-20,0
"391",2021-07-20,"9:42","11:23","2021-11-03 11:55:00","exp","capture",261,12.1,"N",38,325.666666666667,26.854,27,2021-07-20,0
"392",2021-07-20,"10:06","11:27","2021-11-03 12:02:00","exp","capture",262,16.2,"N",40,329.333333333333,22.556,26,2021-07-20,0
"393",2021-07-20,"11:00","11:31","2021-11-03 12:25:00","exp","capture",263,17.4,"N",45,359.666666666667,20.014,26,2021-07-20,0
"394",2021-07-20,"9:40","11:36","2021-11-03 12:33:00","exp","capture",264,11,"N",32,334.333333333333,24.874,27,2021-07-20,0
"395",2021-07-20,"10:28","11:39","2021-11-03 12:38:00","exp","capture",265,12.7,"N",35,340.666666666667,28.8425,26,2021-07-20,0
"396",2021-07-20,NA,"11:43","2021-11-03 12:45:00","exp","capture",266,10.3,"N",44,347.333333333333,26.056,28,2021-07-20,0
"397",2021-07-20,"11:15","11:48","2021-11-03 12:52:00","exp","capture",267,10.3,"N",38,329.333333333333,22.616,28,2021-07-20,0
"398",2021-07-20,NA,"11:54","2021-11-03 12:59:00","exp","capture",268,12,"N",42,339.333333333333,27.605,27,2021-07-20,0
"399",2021-07-20,"10:30","11:56","2021-11-03 13:06:00","exp","capture",269,10.8,"N",32,344,24.226,27,2021-07-20,0
"400",2021-07-20,"11:33","11:58","2021-11-03 13:13:00","exp","capture",270,14.6,"N",33,345,21.458,26,2021-07-20,0
"401",2021-07-20,"10:29","12:02","2021-11-03 13:21:00","exp","capture",271,9.7,"N",40,336.333333333333,26.38,26,2021-07-20,0
"402",2021-07-20,"9:57","12:05","2021-11-03 13:29:00","exp","capture",272,9.5,"N",33,322.333333333333,17.49,26,2021-07-20,0
"403",2021-07-20,"11:00","12:11","2021-11-03 13:38:00","exp","capture",273,10.9,"N",29,339.333333333333,21.776,26,2021-07-20,0
"404",2021-07-20,"11:10","12:14","2021-11-03 13:44:00","exp","capture",274,13.6,"N",37,336.5,19.966,27,2021-07-20,0
"405",2021-07-20,"11:00","12:17","2021-11-03 13:53:00","exp","capture",275,10.8,"N",44,358.333333333333,20.008,26,2021-07-20,0
"406",2021-07-20,"11:03","12:20","2021-11-03 14:00:00","exp","capture",276,10.5,"N",43,344.666666666667,21.9375,26,2021-07-20,0
"407",2021-07-20,"9:55","12:25","2021-11-03 14:07:00","exp","capture",277,9.2,"N",27,370.333333333333,24.855,27,2021-07-20,0
"408",2021-07-20,"9:54","12:30","2021-11-03 14:15:00","exp","capture",278,13,"N",47,347.333333333333,21.398,26,2021-07-20,0
"409",2021-07-20,"10:31","12:34","2021-11-03 14:21:00","exp","capture",279,14.1,"N",43,357.333333333333,26.072,27,2021-07-20,0
"410",2021-07-20,"10:10","12:37","2021-11-03 14:29:00","exp","capture",280,10.1,"N",48,340.333333333333,24.215,25,2021-07-20,0
"411",2021-07-20,"10:45","12:44","2021-11-03 14:34:00","exp","capture",281,13.4,"N",36,376.666666666667,28.055,26,2021-07-20,0
"412",2021-07-20,"11:20","12:47","2021-11-03 14:43:00","exp","capture",282,10.3,"N",45,348,24.216,26,2021-07-20,0
"413",2021-07-20,"10:17","13:41","2021-11-03 14:49:00","exp","capture",283,11.3,"N",31,387.666666666667,26.992,26,2021-07-20,0
"414",2021-07-20,"10:50","13:44","2021-11-03 14:56:00","exp","capture",284,11.3,"N",39,NA,27.602,26,2021-07-20,0
"415",2021-07-20,"10:05","13:46","2021-11-03 15:02:00","exp","capture",285,11.1,"N",35,324.333333333333,20.035,27,2021-07-20,0
"416",2021-07-20,"10:12","13:51","2021-11-03 15:10:00","exp","capture",286,10.9,"N",35,336.666666666667,23.55,26,2021-07-20,0
"417",2021-07-20,"10:38","13:54","2021-11-03 15:16:00","exp","capture",287,13.8,"N",40,353.666666666667,34.66,26,2021-07-20,0
"418",2021-07-20,"11:00","13:57","2021-11-03 15:22:00","exp","capture",288,12.7,"N",46,339.666666666667,27.2525,26,2021-07-20,0
"419",2021-07-20,"9:40","14:02","2021-11-03 15:29:00","exp","capture",289,10.8,"N",32,330.333333333333,20.09,26,2021-07-20,0
"420",2021-07-20,"11:49","14:13","2021-11-03 15:34:00","exp","capture",290,12.2,"N",41,346.666666666667,28.524,26,2021-07-20,0
"421",2021-07-20,"9:43","14:18","2021-11-03 15:40:00","exp","capture",291,10.9,"N",28,330.333333333333,27.0525,26,2021-07-20,0
"422",2021-07-20,"9:50","14:23","2021-11-03 15:46:00","exp","capture",292,8.8,"N",36,340.333333333333,27.71,26,2021-07-20,0
"423",2021-07-20,"10:09","14:27","2021-11-03 15:52:00","exp","capture",293,8.9,"N",31,325,24.192,26,2021-07-20,0
"424",2021-07-24,NA,"10:29",NA,"exp",NA,259,8.6,"N",38,336.333333333333,NA,NA,2021-07-20,4
"425",2021-07-24,NA,"10:25",NA,"exp",NA,260,10.8,"N",38,331.666666666667,NA,NA,2021-07-20,4
"426",2021-07-24,NA,"10:32",NA,"exp",NA,261,11.4,"N",31,332.333333333333,NA,NA,2021-07-20,4
"427",2021-07-24,NA,"11:20",NA,"exp",NA,262,14.9,"N",32,330,NA,NA,2021-07-20,4
"428",2021-07-24,NA,"10:58",NA,"exp",NA,263,14.1,"N",35,344,NA,NA,2021-07-20,4
"429",2021-07-24,NA,"10:40",NA,"exp",NA,264,10.4,"N",29,325,NA,NA,2021-07-20,4
"430",2021-07-24,NA,"10:16",NA,"exp",NA,265,10.8,"N",28,349.333333333333,NA,NA,2021-07-20,4
"431",2021-07-24,NA,"10:35",NA,"exp",NA,266,9.5,"N",37,335.666666666667,NA,NA,2021-07-20,4
"432",2021-07-24,NA,"11:39",NA,"exp",NA,267,9.6,"N",26,326.333333333333,NA,NA,2021-07-20,4
"433",2021-07-24,NA,"11:29",NA,"exp",NA,268,11.1,"N",33,331.333333333333,NA,NA,2021-07-20,4
"434",2021-07-24,NA,"11:03",NA,"exp",NA,269,9.8,"N",28,338,NA,NA,2021-07-20,4
"435",2021-07-24,NA,"11:44",NA,"exp",NA,270,13.7,"N",28,317.666666666667,NA,NA,2021-07-20,4
"436",2021-07-24,NA,"10:06",NA,"exp",NA,271,9,"N",39,336.333333333333,NA,NA,2021-07-20,4
"437",2021-07-24,NA,"11:37",NA,"exp",NA,272,8.1,"N",37,320.666666666667,NA,NA,2021-07-20,4
"438",2021-07-24,NA,"10:46",NA,"exp",NA,273,10.2,"N",22,340.333333333333,NA,NA,2021-07-20,4
"439",2021-07-24,NA,"10:11",NA,"exp",NA,274,11.9,"N",36,324.333333333333,NA,NA,2021-07-20,4
"440",2021-07-24,NA,"10:55",NA,"exp",NA,275,9.8,"N",34,340,NA,NA,2021-07-20,4
"441",2021-07-24,NA,"10:22",NA,"exp",NA,276,9.1,"N",33,349.333333333333,NA,NA,2021-07-20,4
"442",2021-07-24,NA,"11:15",NA,"exp",NA,277,8.5,"N",26,335,NA,NA,2021-07-20,4
"443",2021-07-24,NA,"11:22",NA,"exp",NA,278,12.2,"N",33,322,NA,NA,2021-07-20,4
"444",2021-07-24,NA,"11:32",NA,"exp",NA,279,13.6,"N",35,354,NA,NA,2021-07-20,4
"445",2021-07-24,NA,"11:46",NA,"exp",NA,280,8.8,"N",32,343.666666666667,NA,NA,2021-07-20,4
"446",2021-07-24,NA,"10:08",NA,"exp",NA,281,12.6,"N",30,390,NA,NA,2021-07-20,4
"447",2021-07-24,NA,"10:14",NA,"exp",NA,282,9.8,"N",39,358,NA,NA,2021-07-20,4
"448",2021-07-24,NA,"11:01",NA,"exp",NA,283,8.5,"N",32,492.666666666667,NA,NA,2021-07-20,4
"449",2021-07-24,NA,"11:42",NA,"exp",NA,285,9.8,"N",25,352.666666666667,NA,NA,2021-07-20,4
"450",2021-07-24,NA,"11:35",NA,"exp",NA,286,10.4,"N",31,364,NA,NA,2021-07-20,4
"451",2021-07-24,NA,"10:18",NA,"exp",NA,287,12,"N",41,381.5,NA,NA,2021-07-20,4
"452",2021-07-24,NA,"11:13",NA,"exp",NA,288,11.4,"N",42,364,NA,NA,2021-07-20,4
"453",2021-07-24,NA,"10:20",NA,"exp",NA,289,10.5,"N",33,339.666666666667,NA,NA,2021-07-20,4
"454",2021-07-24,NA,"11:11",NA,"exp",NA,290,11.7,"N",38,341.666666666667,NA,NA,2021-07-20,4
"455",2021-07-24,NA,"10:27",NA,"exp",NA,291,9.4,"N",24,357,NA,NA,2021-07-20,4
"456",2021-07-24,NA,"10:37",NA,"exp",NA,292,8.3,"N",31,334.666666666667,NA,NA,2021-07-20,4
"457",2021-07-24,NA,"11:25",NA,"exp",NA,293,8.6,"N",26,325.666666666667,NA,NA,2021-07-20,4
"458",2021-07-25,NA,"9:49",NA,"exp",NA,259,8.5,NA,NA,NA,NA,NA,2021-07-20,5
"459",2021-07-25,NA,"9:44",NA,"exp",NA,260,10.7,NA,NA,NA,NA,NA,2021-07-20,5
"460",2021-07-25,NA,"10:00",NA,"exp",NA,261,11.2,NA,NA,NA,NA,NA,2021-07-20,5
"461",2021-07-25,NA,"10:05",NA,"exp",NA,262,14.7,NA,NA,NA,NA,NA,2021-07-20,5
"462",2021-07-25,NA,"10:29",NA,"exp",NA,263,13.8,NA,NA,NA,NA,NA,2021-07-20,5
"463",2021-07-25,NA,"9:49",NA,"exp",NA,264,10.1,NA,NA,NA,NA,NA,2021-07-20,5
"464",2021-07-25,NA,"10:09",NA,"exp",NA,265,10.3,NA,NA,NA,NA,NA,2021-07-20,5
"465",2021-07-25,NA,"9:56",NA,"exp",NA,266,9.2,NA,NA,NA,NA,NA,2021-07-20,5
"466",2021-07-25,NA,"10:33",NA,"exp",NA,267,9.4,NA,NA,NA,NA,NA,2021-07-20,5
"467",2021-07-25,NA,"10:32",NA,"exp",NA,268,10.8,NA,NA,NA,NA,NA,2021-07-20,5
"468",2021-07-25,NA,"10:36",NA,"exp",NA,269,9.4,NA,NA,NA,NA,NA,2021-07-20,5
"469",2021-07-25,NA,"10:33",NA,"exp",NA,270,13.5,NA,NA,NA,NA,NA,2021-07-20,5
"470",2021-07-25,NA,"9:46",NA,"exp",NA,271,8.8,NA,NA,NA,NA,NA,2021-07-20,5
"471",2021-07-25,NA,"9:57",NA,"exp",NA,272,7.9,NA,NA,NA,NA,NA,2021-07-20,5
"472",2021-07-25,NA,"9:50",NA,"exp",NA,273,10.1,NA,NA,NA,NA,NA,2021-07-20,5
"473",2021-07-25,NA,"10:10",NA,"exp",NA,274,11.5,NA,NA,NA,NA,NA,2021-07-20,5
"474",2021-07-25,NA,"9:33",NA,"exp",NA,275,9.6,NA,NA,NA,NA,NA,2021-07-20,5
"475",2021-07-25,NA,"9:51",NA,"exp",NA,276,8.9,NA,NA,NA,NA,NA,2021-07-20,5
"476",2021-07-25,NA,"10:27",NA,"exp",NA,277,8.3,NA,NA,NA,NA,NA,2021-07-20,5
"477",2021-07-25,NA,"10:31",NA,"exp",NA,278,12.1,NA,NA,NA,NA,NA,2021-07-20,5
"478",2021-07-25,NA,"9:36",NA,"exp",NA,279,13.3,NA,NA,NA,NA,NA,2021-07-20,5
"479",2021-07-25,NA,"9:25",NA,"exp",NA,280,8.4,NA,NA,NA,NA,NA,2021-07-20,5
"480",2021-07-25,NA,"9:59",NA,"exp",NA,281,12.5,NA,NA,NA,NA,NA,2021-07-20,5
"481",2021-07-25,NA,"9:47",NA,"exp",NA,282,9.7,NA,NA,NA,NA,NA,2021-07-20,5
"482",2021-07-25,NA,"9:30",NA,"exp",NA,283,7.9,NA,NA,NA,NA,NA,2021-07-20,5
"483",2021-07-25,NA,"9:27",NA,"exp",NA,285,9.5,NA,NA,NA,NA,NA,2021-07-20,5
"484",2021-07-25,NA,"9:34",NA,"exp",NA,286,10.1,NA,NA,NA,NA,NA,2021-07-20,5
"485",2021-07-25,NA,"9:58",NA,"exp",NA,287,11.6,NA,NA,NA,NA,NA,2021-07-20,5
"486",2021-07-25,NA,"9:28",NA,"exp",NA,288,11.2,NA,NA,NA,NA,NA,2021-07-20,5
"487",2021-07-25,NA,"10:06",NA,"exp",NA,289,10.4,NA,NA,NA,NA,NA,2021-07-20,5
"488",2021-07-25,NA,"9:39",NA,"exp",NA,290,11.6,NA,NA,NA,NA,NA,2021-07-20,5
"489",2021-07-25,NA,"9:42",NA,"exp",NA,291,9,NA,NA,NA,NA,NA,2021-07-20,5
"490",2021-07-25,NA,"10:09",NA,"exp",NA,292,8.2,NA,NA,NA,NA,NA,2021-07-20,5
"491",2021-07-25,NA,"10:34",NA,"exp",NA,293,8.5,NA,NA,NA,NA,NA,2021-07-20,5
"492",2021-07-26,NA,"13:16",NA,"exp",NA,259,8.4,NA,NA,NA,NA,NA,2021-07-20,6
"493",2021-07-26,NA,"13:10",NA,"exp",NA,260,10.7,NA,NA,NA,NA,NA,2021-07-20,6
"494",2021-07-26,NA,"13:34",NA,"exp",NA,261,11.1,NA,NA,NA,NA,NA,2021-07-20,6
"495",2021-07-26,NA,"13:38",NA,"exp",NA,262,14.6,NA,NA,NA,NA,NA,2021-07-20,6
"496",2021-07-26,NA,"12:46",NA,"exp",NA,263,13.5,NA,NA,NA,NA,NA,2021-07-20,6
"497",2021-07-26,NA,"13:13",NA,"exp",NA,264,10.1,NA,NA,NA,NA,NA,2021-07-20,6
"498",2021-07-26,NA,"13:40",NA,"exp",NA,265,10,NA,NA,NA,NA,NA,2021-07-20,6
"499",2021-07-26,NA,"13:14",NA,"exp",NA,266,9,NA,NA,NA,NA,NA,2021-07-20,6
"500",2021-07-26,NA,"12:47",NA,"exp",NA,267,9.4,NA,NA,NA,NA,NA,2021-07-20,6
"501",2021-07-26,NA,"12:45",NA,"exp",NA,268,10.7,NA,NA,NA,NA,NA,2021-07-20,6
"502",2021-07-26,NA,"12:53",NA,"exp",NA,269,9.3,NA,NA,NA,NA,NA,2021-07-20,6
"503",2021-07-26,NA,"12:48",NA,"exp",NA,270,13.4,NA,NA,NA,NA,NA,2021-07-20,6
"504",2021-07-26,NA,"13:28",NA,"exp",NA,271,8.6,NA,NA,NA,NA,NA,2021-07-20,6
"505",2021-07-26,NA,"13:18",NA,"exp",NA,272,7.3,NA,NA,NA,NA,NA,2021-07-20,6
"506",2021-07-26,NA,"13:24",NA,"exp",NA,273,9.9,NA,NA,NA,NA,NA,2021-07-20,6
"507",2021-07-26,NA,"13:36",NA,"exp",NA,274,11.1,NA,NA,NA,NA,NA,2021-07-20,6
"508",2021-07-26,NA,"13:03",NA,"exp",NA,275,9.5,NA,NA,NA,NA,NA,2021-07-20,6
"509",2021-07-26,NA,"13:27",NA,"exp",NA,276,8.4,NA,NA,NA,NA,NA,2021-07-20,6
"510",2021-07-26,NA,"12:50",NA,"exp",NA,277,8.1,NA,NA,NA,NA,NA,2021-07-20,6
"511",2021-07-26,NA,"12:52",NA,"exp",NA,278,12,NA,NA,NA,NA,NA,2021-07-20,6
"512",2021-07-26,NA,"13:02",NA,"exp",NA,279,13.4,NA,NA,NA,NA,NA,2021-07-20,6
"513",2021-07-26,NA,"13:06",NA,"exp",NA,280,8.2,NA,NA,NA,NA,NA,2021-07-20,6
"514",2021-07-26,NA,"13:41",NA,"exp",NA,281,12.4,NA,NA,NA,NA,NA,2021-07-20,6
"515",2021-07-26,NA,"13:11",NA,"exp",NA,282,9.7,NA,NA,NA,NA,NA,2021-07-20,6
"516",2021-07-26,NA,"12:57",NA,"exp",NA,283,7.5,NA,NA,NA,NA,NA,2021-07-20,6
"517",2021-07-26,NA,"13:04",NA,"exp",NA,285,9.1,NA,NA,NA,NA,NA,2021-07-20,6
"518",2021-07-26,NA,"13:01",NA,"exp",NA,286,10.1,NA,NA,NA,NA,NA,2021-07-20,6
"519",2021-07-26,NA,"13:45",NA,"exp",NA,287,11,NA,NA,NA,NA,NA,2021-07-20,6
"520",2021-07-26,NA,"12:59",NA,"exp",NA,288,10.9,NA,NA,NA,NA,NA,2021-07-20,6
"521",2021-07-26,NA,"13:39",NA,"exp",NA,289,10.4,NA,NA,NA,NA,NA,2021-07-20,6
"522",2021-07-26,NA,"13:05",NA,"exp",NA,290,11.6,NA,NA,NA,NA,NA,2021-07-20,6
"523",2021-07-26,NA,"13:24",NA,"exp",NA,291,8.3,NA,NA,NA,NA,NA,2021-07-20,6
"524",2021-07-26,NA,"13:48",NA,"exp",NA,292,8.1,NA,NA,NA,NA,NA,2021-07-20,6
"525",2021-07-26,NA,"12:49",NA,"exp",NA,293,8.4,NA,NA,NA,NA,NA,2021-07-20,6
"526",2021-07-27,NA,"9:40",NA,"exp",NA,259,8.3,NA,NA,NA,NA,NA,2021-07-20,7
"527",2021-07-27,NA,"9:17",NA,"exp",NA,260,10.6,NA,NA,NA,NA,NA,2021-07-20,7
"528",2021-07-27,NA,"9:25",NA,"exp",NA,261,11.3,NA,NA,NA,NA,NA,2021-07-20,7
"529",2021-07-27,NA,"10:01",NA,"exp",NA,262,14.3,NA,NA,NA,NA,NA,2021-07-20,7
"530",2021-07-27,NA,"10:19",NA,"exp",NA,263,13.3,NA,NA,NA,NA,NA,2021-07-20,7
"531",2021-07-27,NA,"9:52",NA,"exp",NA,264,9.8,NA,NA,NA,NA,NA,2021-07-20,7
"532",2021-07-27,NA,"10:10",NA,"exp",NA,265,9.8,NA,NA,NA,NA,NA,2021-07-20,7
"533",2021-07-27,NA,"9:57",NA,"exp",NA,266,8.9,NA,NA,NA,NA,NA,2021-07-20,7
"534",2021-07-27,NA,"9:46",NA,"exp",NA,267,9.3,NA,NA,NA,NA,NA,2021-07-20,7
"535",2021-07-27,NA,"10:18",NA,"exp",NA,268,10.6,NA,NA,NA,NA,NA,2021-07-20,7
"536",2021-07-27,NA,"9:59",NA,"exp",NA,269,9.2,NA,NA,NA,NA,NA,2021-07-20,7
"537",2021-07-27,NA,"9:48",NA,"exp",NA,270,13.3,NA,NA,NA,NA,NA,2021-07-20,7
"538",2021-07-27,NA,"9:53",NA,"exp",NA,271,8.4,NA,NA,NA,NA,NA,2021-07-20,7
"539",2021-07-27,NA,"10:09",NA,"exp",NA,272,7.1,NA,NA,NA,NA,NA,2021-07-20,7
"540",2021-07-27,NA,"9:41",NA,"exp",NA,273,9.8,NA,NA,NA,NA,NA,2021-07-20,7
"541",2021-07-27,NA,"9:55",NA,"exp",NA,274,11,NA,NA,NA,NA,NA,2021-07-20,7
"542",2021-07-27,NA,"9:47",NA,"exp",NA,275,9.4,NA,NA,NA,NA,NA,2021-07-20,7
"543",2021-07-27,NA,"10:17",NA,"exp",NA,276,8.3,NA,NA,NA,NA,NA,2021-07-20,7
"544",2021-07-27,NA,"10:03",NA,"exp",NA,277,8,NA,NA,NA,NA,NA,2021-07-20,7
"545",2021-07-27,NA,"9:27",NA,"exp",NA,278,11.9,NA,NA,NA,NA,NA,2021-07-20,7
"546",2021-07-27,NA,"9:30",NA,"exp",NA,279,13.2,NA,NA,NA,NA,NA,2021-07-20,7
"547",2021-07-27,NA,"10:16",NA,"exp",NA,280,8.1,NA,NA,NA,NA,NA,2021-07-20,7
"548",2021-07-27,NA,"9:39",NA,"exp",NA,281,12.4,NA,NA,NA,NA,NA,2021-07-20,7
"549",2021-07-27,NA,"9:19",NA,"exp",NA,282,9.6,NA,NA,NA,NA,NA,2021-07-20,7
"550",2021-07-27,NA,"10:18",NA,"exp",NA,285,8.9,NA,NA,NA,NA,NA,2021-07-20,7
"551",2021-07-27,NA,"9:32",NA,"exp",NA,286,10,NA,NA,NA,NA,NA,2021-07-20,7
"552",2021-07-27,NA,"10:13",NA,"exp",NA,287,10.8,NA,NA,NA,NA,NA,2021-07-20,7
"553",2021-07-27,NA,"10:05",NA,"exp",NA,288,10.8,NA,NA,NA,NA,NA,2021-07-20,7
"554",2021-07-27,NA,"9:20",NA,"exp",NA,289,10.3,NA,NA,NA,NA,NA,2021-07-20,7
"555",2021-07-27,NA,"9:47",NA,"exp",NA,290,11.4,NA,NA,NA,NA,NA,2021-07-20,7
"556",2021-07-27,NA,"10:09",NA,"exp",NA,291,8.2,NA,NA,NA,NA,NA,2021-07-20,7
"557",2021-07-27,NA,"9:38",NA,"exp",NA,292,8,NA,NA,NA,NA,NA,2021-07-20,7
"558",2021-07-27,NA,"9:34",NA,"exp",NA,293,8.4,NA,NA,NA,NA,NA,2021-07-20,7
"559",2021-07-28,NA,"9:57","2021-11-03 13:09:00","exp","post-exp",259,8.3,"Y",33,349,24.778,26,2021-07-20,8
"560",2021-07-28,NA,"10:02","2021-11-03 13:26:00","exp","post-exp",260,10.6,"N",23,333,37.372,26,2021-07-20,8
"561",2021-07-28,NA,"9:54","2021-11-03 12:20:00","exp","post-exp",261,10.9,"Y",29,336.5,28.714,26,2021-07-20,8
"562",2021-07-28,NA,"9:40","2021-11-03 11:40:00","exp","post-exp",262,14.2,"N",26,346.333333333333,31.178,26,2021-07-20,8
"563",2021-07-28,NA,"9:47","2021-11-03 12:56:00","exp","post-exp",263,13.2,"N",31,353.5,26.034,26,2021-07-20,8
"564",2021-07-28,NA,"9:20","2021-11-03 10:43:00","exp","post-exp",264,9.7,"N",26,344.5,34.522,26,2021-07-20,8
"565",2021-07-28,NA,"9:29","2021-11-03 11:47:00","exp","post-exp",265,9.5,"N",22,385,22.242,25,2021-07-20,8
"566",2021-07-28,NA,"9:27","2021-11-03 12:31:00","exp","post-exp",266,8.6,"N",31,341.5,34.7625,26,2021-07-20,8
"567",2021-07-28,NA,"9:14","2021-11-03 09:45:00","exp","post-exp",267,9.3,"N",27,330,12.3775,27,2021-07-20,8
"568",2021-07-28,NA,"9;47","2021-11-03 13:21:00","exp","post-exp",268,10.5,"N",29,331,24.874,26,2021-07-20,8
"569",2021-07-28,NA,"9:49","2021-11-03 10:37:00","exp","post-exp",269,9.1,"N",16,370,48.485,25,2021-07-20,8
"570",2021-07-28,NA,"9:39","2021-11-03 11:17:00","exp","post-exp",270,13.1,"N",25,350.5,25.636,26,2021-07-20,8
"571",2021-07-28,NA,"9:36","2021-11-03 09:59:00","exp","post-exp",271,8.4,"N",29,352.5,19.306,25,2021-07-20,8
"572",2021-07-28,NA,"9:18","2021-11-03 10:49:00","exp","post-exp",272,7,"N",30,359.666666666667,29.76,27,2021-07-20,8
"573",2021-07-28,NA,"9:48","2021-11-03 13:01:00","exp","post-exp",273,9.8,"Y",26,362,27.095,26,2021-07-20,8
"574",2021-07-28,NA,"9:10","2021-11-03 10:21:00","exp","post-exp",274,10.6,"Y",35,376,46.736,26,2021-07-20,8
"575",2021-07-28,NA,"9:42","2021-11-03 12:40:00","exp","post-exp",275,9.4,"Y",38,389,29.306,26,2021-07-20,8
"576",2021-07-28,NA,"9:34","2021-11-03 10:07:00","exp","post-exp",276,8,"Y",32,384.5,25.392,27,2021-07-20,8
"577",2021-07-28,NA,"9:58","2021-11-03 12:44:00","exp","post-exp",277,7.7,"N",27,354,39.908,26,2021-07-20,8
"578",2021-07-28,NA,"9:59","2021-11-03 10:25:00","exp","post-exp",278,11.9,"N",38,362.333333333333,44.655,26,2021-07-20,8
"579",2021-07-28,NA,"10:04","2021-11-03 13:36:00","exp","post-exp",279,13.1,"N",34,352.666666666667,43.126,24,2021-07-20,8
"580",2021-07-28,NA,"9:43","2021-11-03 12:27:00","exp","post-exp",280,8,"N",33,347.666666666667,24.4075,27,2021-07-20,8
"581",2021-07-28,NA,"9:44","2021-11-03 12:51:00","exp","post-exp",281,12.4,"N",26,383,26.398,27,2021-07-20,8
"582",2021-07-28,NA,"10:02","2021-11-03 13:31:00","exp","post-exp",282,9.6,"Y",28,355.5,35.956,24,2021-07-20,8
"583",2021-07-28,NA,"10:07","2021-11-03 11:32:00","exp","post-exp",285,8.2,"N",29,395,29.8525,26,2021-07-20,8
"584",2021-07-28,NA,"9:22","2021-11-03 11:08:00","exp","post-exp",286,10,"N",37,347,26.352,27,2021-07-20,8
"585",2021-07-28,NA,"9:26","2021-11-03 09:51:00","exp","post-exp",287,10.6,"N",37,361.5,22.032,27,2021-07-20,8
"586",2021-07-28,NA,"9:56","2021-11-03 10:14:00","exp","post-exp",288,10.7,"N",36,379,35.508,27,2021-07-20,8
"587",2021-07-28,NA,"9:50","2021-11-03 13:14:00","exp","post-exp",289,10.3,"N",32,338,28.39,26,2021-07-20,8
"588",2021-07-28,NA,"9:53","2021-11-03 10:55:00","exp","post-exp",290,11.4,"N",35,333,21.2366666666667,26,2021-07-20,8
"589",2021-07-28,NA,"9:16","2021-11-03 09:36:00","exp","post-exp",291,7.9,"N",25,375.5,23.798,27,2021-07-20,8
"590",2021-07-28,NA,"9:53","2021-11-03 10:31:00","exp","post-exp",292,8.1,"N",30,338.666666666667,23.062,27,2021-07-20,8
"591",2021-07-28,NA,"9:32","2021-11-03 11:26:00","exp","post-exp",293,8.4,"N",27,319.5,30.326,26,2021-07-20,8
"592",2021-07-30,NA,"9:36",NA,"rehab",NA,259,7.3,"N",39,380,NA,NA,2021-07-20,10
"593",2021-07-30,NA,"10:18",NA,"rehab",NA,260,10.7,"N",27,419.666666666667,NA,NA,2021-07-20,10
"594",2021-07-30,NA,"10:01",NA,"rehab",NA,261,12.4,"N",23,348.666666666667,NA,NA,2021-07-20,10
"595",2021-07-30,NA,"9:57",NA,"rehab",NA,262,13.8,"N",25,329.333333333333,NA,NA,2021-07-20,10
"596",2021-07-30,NA,"9:30",NA,"rehab",NA,263,14.7,"N",30,361.333333333333,NA,NA,2021-07-20,10
"597",2021-07-30,NA,"9:29",NA,"rehab",NA,264,11.4,"N",25,363.333333333333,NA,NA,2021-07-20,10
"598",2021-07-30,NA,"9:53",NA,"rehab",NA,265,9.9,"N",23,425.333333333333,NA,NA,2021-07-20,10
"599",2021-07-30,NA,"9:23",NA,"rehab",NA,266,8.4,"N",27,355,NA,NA,2021-07-20,10
"600",2021-07-30,NA,"9:13",NA,"rehab",NA,267,9.8,"N",24,347.333333333333,NA,NA,2021-07-20,10
"601",2021-07-30,NA,"10:15",NA,"rehab",NA,268,11,"N",30,356.666666666667,NA,NA,2021-07-20,10
"602",2021-07-30,NA,"10:02",NA,"rehab",NA,269,8.8,"Y",21,384.666666666667,NA,NA,2021-07-20,10
"603",2021-07-30,NA,"9:58",NA,"rehab",NA,270,14.4,"N",21,350.666666666667,NA,NA,2021-07-20,10
"604",2021-07-30,NA,"9:24",NA,"rehab",NA,271,8.7,"Y",28,392.666666666667,NA,NA,2021-07-20,10
"605",2021-07-30,NA,"9:44",NA,"rehab",NA,272,8.8,"N",25,367.333333333333,NA,NA,2021-07-20,10
"606",2021-07-30,NA,"9:40",NA,"rehab",NA,273,10.5,"N",25,386.666666666667,NA,NA,2021-07-20,10
"607",2021-07-30,NA,"9:35",NA,"rehab",NA,274,10.6,"Y",39,418.5,NA,NA,2021-07-20,10
"608",2021-07-30,NA,"9:21",NA,"rehab",NA,275,8.9,"N",40,409,NA,NA,2021-07-20,10
"609",2021-07-30,NA,"10:05",NA,"rehab",NA,276,8.6,"N",31,388.333333333333,NA,NA,2021-07-20,10
"610",2021-07-30,NA,"9:19",NA,"rehab",NA,277,7.8,"N",24,375,NA,NA,2021-07-20,10
"611",2021-07-30,NA,"9:16",NA,"rehab",NA,278,13.4,"Y",31,374.333333333333,NA,NA,2021-07-20,10
"612",2021-07-30,NA,"10:16",NA,"rehab",NA,279,13.3,"N",35,350.333333333333,NA,NA,2021-07-20,10
"613",2021-07-30,NA,"9:20",NA,"rehab",NA,280,8.1,"N",33,363,NA,NA,2021-07-20,10
"614",2021-07-30,NA,"9:41",NA,"rehab",NA,281,12.4,"N",26,406,NA,NA,2021-07-20,10
"615",2021-07-30,NA,"10:03",NA,"rehab",NA,282,11.2,"Y",23,363,NA,NA,2021-07-20,10
"616",2021-07-30,NA,"9:49",NA,"rehab",NA,285,9.3,"N",20,349.666666666667,NA,NA,2021-07-20,10
"617",2021-07-30,NA,"9:49",NA,"rehab",NA,286,9.6,"Y",18,370.5,NA,NA,2021-07-20,10
"618",2021-07-30,NA,"10:10",NA,"rehab",NA,287,10.2,"Y",37,391,NA,NA,2021-07-20,10
"619",2021-07-30,NA,"10:10",NA,"rehab",NA,288,11.1,"N",37,367,NA,NA,2021-07-20,10
"620",2021-07-30,NA,"9:35",NA,"rehab",NA,289,9.8,"N",28,358.333333333333,NA,NA,2021-07-20,10
"621",2021-07-30,NA,"9:48",NA,"rehab",NA,290,13.2,"N",28,373.333333333333,NA,NA,2021-07-20,10
"622",2021-07-30,NA,"10:11",NA,"rehab",NA,291,9,"N",24,417,NA,NA,2021-07-20,10
"623",2021-07-30,NA,"9:45",NA,"rehab",NA,292,9.7,"N",26,379.666666666667,NA,NA,2021-07-20,10
"624",2021-07-30,NA,"9:52",NA,"rehab",NA,293,8.7,"N",21,377,NA,NA,2021-07-20,10
"625",2021-08-08,NA,"11:59","2021-11-03 12:07:00","exp","capture",294,11.8,"N",33,362.666666666667,23.7425,27,2021-08-08,0
"626",2021-08-08,NA,"12:02","2021-11-03 12:16:00","exp","capture",295,11.2,"N",41,376,18.24,28,2021-08-08,0
"627",2021-08-08,NA,"12:05","2021-11-03 12:22:00","exp","capture",296,10.5,"N",38,360.666666666667,24.48,28,2021-08-08,0
"628",2021-08-08,"9:30","12:07","2021-11-03 12:29:00","exp","capture",297,12.5,"N",38,371,17.3,27,2021-08-08,0
"629",2021-08-08,NA,"12:13","2021-11-03 12:35:00","exp","capture",298,14.3,"N",44,342,24.7333333333333,26,2021-08-08,0
"630",2021-08-08,"10:02","12:14","2021-11-03 12:43:00","exp","capture",299,13.9,"N",32,377,15.765,27,2021-08-08,0
"631",2021-08-08,NA,"12:20","2021-11-03 12:48:00","exp","capture",300,12.9,"N",36,355.333333333333,25.43,27,2021-08-08,0
"632",2021-08-08,"9:55","12:20","2021-11-03 12:56:00","exp","capture",301,12,"N",32,351,19.7825,27,2021-08-08,0
"633",2021-08-08,"10:56","12:26","2021-11-03 13:06:00","exp","capture",302,9.7,"N",38,341.666666666667,18.22,27,2021-08-08,0
"634",2021-08-08,"10:14","12:24","2021-11-03 13:13:00","exp","capture",303,9.6,"N",41,354.666666666667,19.7266666666667,27,2021-08-08,0
"635",2021-08-08,"10:15","12:28",NA,"exp",NA,304,11.4,"N",35,360,NA,NA,2021-08-08,0
"636",2021-08-08,"11:21","12:30","2021-11-03 13:27:00","exp","capture",305,11.8,"Y",36,368.5,25.5733333333333,26,2021-08-08,0
"637",2021-08-08,"9:15","12:38","2021-11-03 13:33:00","exp","capture",306,11.3,"Y",39,362.5,18.854,26,2021-08-08,0
"638",2021-08-08,"10:05","12:42","2021-11-03 13:41:00","exp","capture",307,11.7,"N",38,361.5,19.098,27,2021-08-08,0
"639",2021-08-08,"11:15","12:48","2021-11-03 13:49:00","exp","capture",308,11.4,"N",38,370.333333333333,19.87,27,2021-08-08,0
"640",2021-08-08,NA,"12:51","2021-11-03 13:56:00","exp","capture",309,13.3,"N",38,387.5,15.9225,27,2021-08-08,0
"641",2021-08-08,"11:05","12:55","2021-11-03 14:12:00","exp","capture",310,11.1,"N",35,352.333333333333,14.765,28,2021-08-08,0
"642",2021-08-08,"9:25","12:58","2021-11-03 14:20:00","exp","capture",311,12.4,"N",43,353.666666666667,16.345,26,2021-08-08,0
"643",2021-08-08,"10:10","13:01","2021-11-03 14:27:00","exp","capture",312,10.2,"N",36,326,13.9025,27,2021-08-08,0
"644",2021-08-08,"10:17","13:04","2021-11-03 14:34:00","exp","capture",313,10.4,"N",39,351.333333333333,15.248,26,2021-08-08,0
"645",2021-08-08,"10:42","13:07","2021-11-03 14:40:00","exp","capture",314,11,"N",33,368.666666666667,20.074,28,2021-08-08,0
"646",2021-08-08,"10:12","13:10","2021-11-03 14:48:00","exp","capture",315,11,"N",35,368,22.014,26,2021-08-08,0
"647",2021-08-08,NA,"13:13","2021-11-03 14:55:00","exp","capture",316,10.9,"N",37,347,19.9566666666667,27,2021-08-08,0
"648",2021-08-08,"13:28","13:35","2021-11-03 15:05:00","exp","capture",317,11.8,"N",40,378,21.274,27,2021-08-08,0
"649",2021-08-08,NA,"13:46","2021-11-03 15:11:00","exp","capture",318,9.7,"N",34,343.666666666667,23.7475,27,2021-08-08,0
"650",2021-08-08,NA,"13:53","2021-11-03 15:17:00","exp","capture",319,12.2,"N",33,359.666666666667,32.2,26,2021-08-08,0
"651",2021-08-08,"10:28","13:56","2021-11-03 15:22:00","exp","capture",320,10.6,"N",33,357.333333333333,22.18,27,2021-08-08,0
"652",2021-08-08,"10:25","14:00","2021-11-03 15:29:00","exp","capture",321,11.3,"N",34,358.666666666667,14.844,26,2021-08-08,0
"653",2021-08-12,NA,"10:42",NA,"exp",NA,294,10.6,"N",24,350,NA,NA,2021-08-08,4
"654",2021-08-12,NA,"9:50",NA,"exp",NA,295,10.8,"N",22,381.333333333333,NA,NA,2021-08-08,4
"655",2021-08-12,NA,"10:32",NA,"exp",NA,296,9.6,"N",29,361.666666666667,NA,NA,2021-08-08,4
"656",2021-08-12,NA,"9:34",NA,"exp",NA,297,12,"Y",35,343.5,NA,NA,2021-08-08,4
"657",2021-08-12,NA,"9:51",NA,"exp",NA,298,14,"N",35,347,NA,NA,2021-08-08,4
"658",2021-08-12,NA,"9:24",NA,"exp",NA,299,13.7,"Y",45,367.5,NA,NA,2021-08-08,4
"659",2021-08-12,NA,"10:24",NA,"exp",NA,300,11.8,"N",30,365,NA,NA,2021-08-08,4
"660",2021-08-12,NA,"10:17",NA,"exp",NA,301,10.6,"N",28,387.666666666667,NA,NA,2021-08-08,4
"661",2021-08-12,NA,"10:45",NA,"exp",NA,302,8.7,"N",26,381.333333333333,NA,NA,2021-08-08,4
"662",2021-08-12,NA,"10:36",NA,"exp",NA,303,8.8,"N",27,371.333333333333,NA,NA,2021-08-08,4
"663",2021-08-12,NA,"10:01",NA,"exp",NA,304,10.8,"N",33,381,NA,NA,2021-08-08,4
"664",2021-08-12,NA,"9:45",NA,"exp",NA,305,11.2,"N",28,388,NA,NA,2021-08-08,4
"665",2021-08-12,NA,"10:11",NA,"exp",NA,306,10.1,"N",39,377,NA,NA,2021-08-08,4
"666",2021-08-12,NA,"10:49",NA,"exp",NA,307,11,"N",35,373.666666666667,NA,NA,2021-08-08,4
"667",2021-08-12,NA,"9:59",NA,"exp",NA,308,11.3,"N",32,395.333333333333,NA,NA,2021-08-08,4
"668",2021-08-12,NA,"10:09",NA,"exp",NA,309,12.4,"N",37,391,NA,NA,2021-08-08,4
"669",2021-08-12,NA,"10:04",NA,"exp",NA,310,10.7,"N",33,342.333333333333,NA,NA,2021-08-08,4
"670",2021-08-12,NA,"9:41",NA,"exp",NA,311,11.8,"N",36,359.333333333333,NA,NA,2021-08-08,4
"671",2021-08-12,NA,"9:26",NA,"exp",NA,312,9.7,"Y",39,350.5,NA,NA,2021-08-08,4
"672",2021-08-12,NA,"10:27",NA,"exp",NA,313,9.4,"N",36,358,NA,NA,2021-08-08,4
"673",2021-08-12,NA,"10:51",NA,"exp",NA,314,10.3,"N",28,372,NA,NA,2021-08-08,4
"674",2021-08-12,NA,"10:23",NA,"exp",NA,315,10.2,"N",32,365,NA,NA,2021-08-08,4
"675",2021-08-12,NA,"9:25",NA,"exp",NA,316,10.4,"Y",37,371.666666666667,NA,NA,2021-08-08,4
"676",2021-08-12,NA,"9:46",NA,"exp",NA,317,11.3,"N",31,376.333333333333,NA,NA,2021-08-08,4
"677",2021-08-12,NA,"11:12",NA,"exp",NA,318,9,"N",28,401.333333333333,NA,NA,2021-08-08,4
"678",2021-08-12,NA,"10:36",NA,"exp",NA,319,11.4,"N",26,387.5,NA,NA,2021-08-08,4
"679",2021-08-12,NA,"9:56",NA,"exp",NA,320,10.1,"N",31,382,NA,NA,2021-08-08,4
"680",2021-08-12,NA,"10:28",NA,"exp",NA,321,10.4,"N",30,402.666666666667,NA,NA,2021-08-08,4
"681",2021-08-13,NA,"10:20",NA,"exp",NA,294,10.5,NA,NA,NA,NA,NA,2021-08-08,5
"682",2021-08-13,NA,"9:59",NA,"exp",NA,295,10.5,NA,NA,NA,NA,NA,2021-08-08,5
"683",2021-08-13,NA,"10:17",NA,"exp",NA,296,9.4,NA,NA,NA,NA,NA,2021-08-08,5
"684",2021-08-13,NA,"10:12",NA,"exp",NA,297,11.9,NA,NA,NA,NA,NA,2021-08-08,5
"685",2021-08-13,NA,"10:00",NA,"exp",NA,298,13.8,NA,NA,NA,NA,NA,2021-08-08,5
"686",2021-08-13,NA,"10:04",NA,"exp",NA,299,13.6,NA,NA,NA,NA,NA,2021-08-08,5
"687",2021-08-13,NA,"10:25",NA,"exp",NA,300,11.5,NA,NA,NA,NA,NA,2021-08-08,5
"688",2021-08-13,NA,"10:24",NA,"exp",NA,301,10.1,NA,NA,NA,NA,NA,2021-08-08,5
"689",2021-08-13,NA,"10:19",NA,"exp",NA,302,8.5,NA,NA,NA,NA,NA,2021-08-08,5
"690",2021-08-13,NA,"10:17",NA,"exp",NA,303,8.4,NA,NA,NA,NA,NA,2021-08-08,5
"691",2021-08-13,NA,"10:02",NA,"exp",NA,304,10.4,NA,NA,NA,NA,NA,2021-08-08,5
"692",2021-08-13,NA,"10:11",NA,"exp",NA,305,11.1,NA,NA,NA,NA,NA,2021-08-08,5
"693",2021-08-13,NA,"10:23",NA,"exp",NA,306,9.9,NA,NA,NA,NA,NA,2021-08-08,5
"694",2021-08-13,NA,"10:19",NA,"exp",NA,307,10.8,NA,NA,NA,NA,NA,2021-08-08,5
"695",2021-08-13,NA,"10:01",NA,"exp",NA,308,10.9,NA,NA,NA,NA,NA,2021-08-08,5
"696",2021-08-13,NA,"10:21",NA,"exp",NA,309,12,NA,NA,NA,NA,NA,2021-08-08,5
"697",2021-08-13,NA,"10:02",NA,"exp",NA,310,10.3,NA,NA,NA,NA,NA,2021-08-08,5
"698",2021-08-13,NA,"10:05",NA,"exp",NA,311,11.6,NA,NA,NA,NA,NA,2021-08-08,5
"699",2021-08-13,NA,"10:03",NA,"exp",NA,312,9.7,NA,NA,NA,NA,NA,2021-08-08,5
"700",2021-08-13,NA,"10:27",NA,"exp",NA,313,9.1,NA,NA,NA,NA,NA,2021-08-08,5
"701",2021-08-13,NA,"10:18",NA,"exp",NA,314,10.1,NA,NA,NA,NA,NA,2021-08-08,5
"702",2021-08-13,NA,"10:25",NA,"exp",NA,315,9.9,NA,NA,NA,NA,NA,2021-08-08,5
"703",2021-08-13,NA,"10:03",NA,"exp",NA,316,10.3,NA,NA,NA,NA,NA,2021-08-08,5
"704",2021-08-13,NA,"9:59",NA,"exp",NA,317,11,NA,NA,NA,NA,NA,2021-08-08,5
"705",2021-08-13,NA,"10:04",NA,"exp",NA,318,8.8,NA,NA,NA,NA,NA,2021-08-08,5
"706",2021-08-13,NA,"10:20",NA,"exp",NA,319,10.8,NA,NA,NA,NA,NA,2021-08-08,5
"707",2021-08-13,NA,"10:01",NA,"exp",NA,320,9.8,NA,NA,NA,NA,NA,2021-08-08,5
"708",2021-08-13,NA,"10:26",NA,"exp",NA,321,9.9,NA,NA,NA,NA,NA,2021-08-08,5
"709",2021-08-14,NA,"11:55",NA,"exp",NA,294,10.2,NA,NA,NA,NA,NA,2021-08-08,6
"710",2021-08-14,NA,"11:24",NA,"exp",NA,295,10.4,NA,NA,NA,NA,NA,2021-08-08,6
"711",2021-08-14,NA,"11:49",NA,"exp",NA,296,9.2,NA,NA,NA,NA,NA,2021-08-08,6
"712",2021-08-14,NA,"11:41",NA,"exp",NA,297,11.9,NA,NA,NA,NA,NA,2021-08-08,6
"713",2021-08-14,NA,"11:23",NA,"exp",NA,298,13.4,NA,NA,NA,NA,NA,2021-08-08,6
"714",2021-08-14,NA,"11:38",NA,"exp",NA,299,13.6,NA,NA,NA,NA,NA,2021-08-08,6
"715",2021-08-14,NA,"12:10",NA,"exp",NA,300,11.4,NA,NA,NA,NA,NA,2021-08-08,6
"716",2021-08-14,NA,"12:01",NA,"exp",NA,301,10,NA,NA,NA,NA,NA,2021-08-08,6
"717",2021-08-14,NA,"11:57",NA,"exp",NA,302,8.3,NA,NA,NA,NA,NA,2021-08-08,6
"718",2021-08-14,NA,"11:50",NA,"exp",NA,303,8.4,NA,NA,NA,NA,NA,2021-08-08,6
"719",2021-08-14,NA,"11:28",NA,"exp",NA,304,10.6,NA,NA,NA,NA,NA,2021-08-08,6
"720",2021-08-14,NA,"11:42",NA,"exp",NA,305,10.9,NA,NA,NA,NA,NA,2021-08-08,6
"721",2021-08-14,NA,"12:02",NA,"exp",NA,306,9.7,NA,NA,NA,NA,NA,2021-08-08,6
"722",2021-08-14,NA,"11:58",NA,"exp",NA,307,10.7,NA,NA,NA,NA,NA,2021-08-08,6
"723",2021-08-14,NA,"11:30",NA,"exp",NA,308,11.1,NA,NA,NA,NA,NA,2021-08-08,6
"724",2021-08-14,NA,"12:04",NA,"exp",NA,309,11.8,NA,NA,NA,NA,NA,2021-08-08,6
"725",2021-08-14,NA,"11:32",NA,"exp",NA,310,10.6,NA,NA,NA,NA,NA,2021-08-08,6
"726",2021-08-14,NA,"11:43",NA,"exp",NA,311,11.5,NA,NA,NA,NA,NA,2021-08-08,6
"727",2021-08-14,NA,"11:37",NA,"exp",NA,312,9.8,NA,NA,NA,NA,NA,2021-08-08,6
"728",2021-08-14,NA,"12:11",NA,"exp",NA,313,9,NA,NA,NA,NA,NA,2021-08-08,6
"729",2021-08-14,NA,"11:52",NA,"exp",NA,314,9.9,NA,NA,NA,NA,NA,2021-08-08,6
"730",2021-08-14,NA,"12:08",NA,"exp",NA,315,9.8,NA,NA,NA,NA,NA,2021-08-08,6
"731",2021-08-14,NA,"11:36",NA,"exp",NA,316,10.2,NA,NA,NA,NA,NA,2021-08-08,6
"732",2021-08-14,NA,"11:22",NA,"exp",NA,317,11,NA,NA,NA,NA,NA,2021-08-08,6
"733",2021-08-14,NA,"11:38",NA,"exp",NA,318,8.5,NA,NA,NA,NA,NA,2021-08-08,6
"734",2021-08-14,NA,"11:55",NA,"exp",NA,319,10.7,NA,NA,NA,NA,NA,2021-08-08,6
"735",2021-08-14,NA,"11:29",NA,"exp",NA,320,9.9,NA,NA,NA,NA,NA,2021-08-08,6
"736",2021-08-14,NA,"12:08",NA,"exp",NA,321,9.8,NA,NA,NA,NA,NA,2021-08-08,6
"737",2021-08-15,NA,"14:18",NA,"exp",NA,294,10.1,NA,NA,NA,NA,NA,2021-08-08,7
"738",2021-08-15,NA,"13:53",NA,"exp",NA,295,10.4,NA,NA,NA,NA,NA,2021-08-08,7
"739",2021-08-15,NA,"14:13",NA,"exp",NA,296,9.1,NA,NA,NA,NA,NA,2021-08-08,7
"740",2021-08-15,NA,"13:48",NA,"exp",NA,297,11.7,NA,NA,NA,NA,NA,2021-08-08,7
"741",2021-08-15,NA,"13:54",NA,"exp",NA,298,13.4,NA,NA,NA,NA,NA,2021-08-08,7
"742",2021-08-15,NA,"13:43",NA,"exp",NA,299,13.3,NA,NA,NA,NA,NA,2021-08-08,7
"743",2021-08-15,NA,"14:08",NA,"exp",NA,300,11.2,NA,NA,NA,NA,NA,2021-08-08,7
"744",2021-08-15,NA,"14:02",NA,"exp",NA,301,9.9,NA,NA,NA,NA,NA,2021-08-08,7
"745",2021-08-15,NA,"14:19",NA,"exp",NA,302,8.1,NA,NA,NA,NA,NA,2021-08-08,7
"746",2021-08-15,NA,"14:12",NA,"exp",NA,303,8.2,NA,NA,NA,NA,NA,2021-08-08,7
"747",2021-08-15,NA,"13:58",NA,"exp",NA,304,10.6,NA,NA,NA,NA,NA,2021-08-08,7
"748",2021-08-15,NA,"13:49",NA,"exp",NA,305,10.9,NA,NA,NA,NA,NA,2021-08-08,7
"749",2021-08-15,NA,"14:04",NA,"exp",NA,306,9.5,NA,NA,NA,NA,NA,2021-08-08,7
"750",2021-08-15,NA,"14:20",NA,"exp",NA,307,10.6,NA,NA,NA,NA,NA,2021-08-08,7
"751",2021-08-15,NA,"13:57",NA,"exp",NA,308,11.1,NA,NA,NA,NA,NA,2021-08-08,7
"752",2021-08-15,NA,"14:05",NA,"exp",NA,309,11.6,NA,NA,NA,NA,NA,2021-08-08,7
"753",2021-08-15,NA,"13:57",NA,"exp",NA,310,10.6,NA,NA,NA,NA,NA,2021-08-08,7
"754",2021-08-15,NA,"13:49",NA,"exp",NA,311,11.4,NA,NA,NA,NA,NA,2021-08-08,7
"755",2021-08-15,NA,"13:41",NA,"exp",NA,312,9.7,NA,NA,NA,NA,NA,2021-08-08,7
"756",2021-08-15,NA,"14:10",NA,"exp",NA,313,8.8,NA,NA,NA,NA,NA,2021-08-08,7
"757",2021-08-15,NA,"14:14",NA,"exp",NA,314,9.7,NA,NA,NA,NA,NA,2021-08-08,7
"758",2021-08-15,NA,"14:09",NA,"exp",NA,315,9.7,NA,NA,NA,NA,NA,2021-08-08,7
"759",2021-08-15,NA,"13:45",NA,"exp",NA,316,10.1,NA,NA,NA,NA,NA,2021-08-08,7
"760",2021-08-15,NA,"13:52",NA,"exp",NA,317,11,NA,NA,NA,NA,NA,2021-08-08,7
"761",2021-08-15,NA,"13:42",NA,"exp",NA,318,8.4,NA,NA,NA,NA,NA,2021-08-08,7
"762",2021-08-15,NA,"14:17",NA,"exp",NA,319,10.6,NA,NA,NA,NA,NA,2021-08-08,7
"763",2021-08-15,NA,"13:59",NA,"exp",NA,320,9.9,NA,NA,NA,NA,NA,2021-08-08,7
"764",2021-08-15,NA,"14:07",NA,"exp",NA,321,9.8,NA,NA,NA,NA,NA,2021-08-08,7
"765",2021-08-16,NA,"9:30","2021-11-03 12:34:00","exp","post-exp",294,9.9,"N",19,340,32.3375,27,2021-08-08,8
"766",2021-08-16,NA,"9:42","2021-11-03 12:31:00","exp","post-exp",295,10.4,"N",24,354,30.5825,25,2021-08-08,8
"767",2021-08-16,NA,"9:36","2021-11-03 12:20:00","exp","post-exp",296,9.1,"N",22,343.666666666667,45.788,25,2021-08-08,8
"768",2021-08-16,NA,"8:51","2021-11-03 09:38:00","exp","post-exp",297,11.7,"N",32,333.666666666667,24.2133333333333,25,2021-08-08,8
"769",2021-08-16,NA,"9:56","2021-11-03 10:48:00","exp","post-exp",298,13.4,"N",25,332.333333333333,23.84,25,2021-08-08,8
"770",2021-08-16,NA,"9:38","2021-11-03 13:01:00","exp","post-exp",299,13.2,"N",33,341.666666666667,33.018,26,2021-08-08,8
"771",2021-08-16,NA,"9:14","2021-11-03 10:20:00","exp","post-exp",300,11.1,"N",26,343.333333333333,22.8725,26,2021-08-08,8
"772",2021-08-16,NA,"9:39","2021-11-03 12:44:00","exp","post-exp",301,9.7,"N",21,347.666666666667,34.0425,26,2021-08-08,8
"773",2021-08-16,NA,"9:49","2021-11-03 12:55:00","exp","post-exp",302,8,"N",23,348.333333333333,44.128,25,2021-08-08,8
"774",2021-08-16,NA,"9:34","2021-11-03 12:49:00","exp","post-exp",303,8.2,"N",23,352,39.94,26,2021-08-08,8
"775",2021-08-16,NA,"9:44",NA,"exp",NA,304,10.6,"N",28,329,NA,NA,2021-08-08,8
"776",2021-08-16,NA,"9:25","2021-11-03 12:15:00","exp","post-exp",305,10.8,"N",13,332.666666666667,26.4875,26,2021-08-08,8
"777",2021-08-16,NA,"9:42","2021-11-03 11:01:00","exp","post-exp",306,9.5,"N",25,341.666666666667,18.486,24,2021-08-08,8
"778",2021-08-16,NA,"9:52","2021-11-03 12:25:00","exp","post-exp",307,10.6,"N",25,353,28.846,26,2021-08-08,8
"779",2021-08-16,NA,"9:22","2021-11-03 10:14:00","exp","post-exp",308,11.1,"N",24,349,32.776,26,2021-08-08,8
"780",2021-08-16,NA,"9:45","2021-11-03 13:06:00","exp","post-exp",309,11.5,"Y",26,351.666666666667,53.674,26,2021-08-08,8
"781",2021-08-16,NA,"9:30","2021-11-03 11:57:00","exp","post-exp",310,10.5,"N",25,320.666666666667,33.2175,27,2021-08-08,8
"782",2021-08-16,NA,"8:57","2021-11-03 10:26:00","exp","post-exp",311,11.3,"N",14,331,26.784,25,2021-08-08,8
"783",2021-08-16,NA,"9:55","2021-11-03 10:42:00","exp","post-exp",312,9.7,"N",33,326.666666666667,24.005,25,2021-08-08,8
"784",2021-08-16,NA,"8:54","2021-11-03 10:32:00","exp","post-exp",313,8.7,"N",26,342,21.61,26,2021-08-08,8
"785",2021-08-16,NA,"9:21","2021-11-03 10:04:00","exp","post-exp",314,9.6,"N",24,344.666666666667,19.008,25,2021-08-08,8
"786",2021-08-16,NA,"8:46","2021-11-03 09:43:00","exp","post-exp",315,9.6,"N",24,341.333333333333,28.2025,25,2021-08-08,8
"787",2021-08-16,NA,"9:34","2021-11-03 12:02:00","exp","post-exp",316,10.2,"Y",32,321.333333333333,38.4725,26,2021-08-08,8
"788",2021-08-16,NA,"9:19","2021-11-03 09:26:00","exp","post-exp",317,11,"N",23,336.333333333333,25.944,24,2021-08-08,8
"789",2021-08-16,NA,"9:47","2021-11-03 12:39:00","exp","post-exp",318,8.3,"Y",22,327.5,34.4025,26,2021-08-08,8
"790",2021-08-16,NA,"9:25","2021-11-03 10:08:00","exp","post-exp",319,10.5,"N",18,324.666666666667,32.278,25,2021-08-08,8
"791",2021-08-16,NA,"9:57","2021-11-03 10:37:00","exp","post-exp",320,9.9,"Y",21,308.5,26.5166666666667,25,2021-08-08,8
"792",2021-08-16,NA,"9:00","2021-11-03 09:32:00","exp","post-exp",321,9.7,"N",24,331.5,28.366,25,2021-08-08,8
"793",2021-08-18,NA,"10:14",NA,"rehab",NA,294,10.7,"N",15,386,NA,NA,2021-08-08,10
"794",2021-08-18,NA,"9:30",NA,"rehab",NA,295,9.8,"N",25,368,NA,NA,2021-08-08,10
"795",2021-08-18,NA,"9:20",NA,"rehab",NA,296,9.2,"Y",23,365,NA,NA,2021-08-08,10
"796",2021-08-18,NA,"9:25",NA,"rehab",NA,297,12.8,"N",23,362,NA,NA,2021-08-08,10
"797",2021-08-18,NA,"9:53",NA,"rehab",NA,298,13.1,"N",24,351.333333333333,NA,NA,2021-08-08,10
"798",2021-08-18,NA,"9:43",NA,"rehab",NA,299,13.5,"N",31,364.333333333333,NA,NA,2021-08-08,10
"799",2021-08-18,NA,"9:21",NA,"rehab",NA,300,11,"N",24,368.666666666667,NA,NA,2021-08-08,10
"800",2021-08-18,NA,"10:04",NA,"rehab",NA,301,9.4,"N",20,357.666666666667,NA,NA,2021-08-08,10
"801",2021-08-18,NA,"9:25",NA,"rehab",NA,302,8.1,"Y",18,358.5,NA,NA,2021-08-08,10
"802",2021-08-18,NA,"9:32",NA,"rehab",NA,303,8.8,"Y",19,350,NA,NA,2021-08-08,10
"803",2021-08-18,NA,"10:05",NA,"rehab",NA,305,12.7,"N",20,330,NA,NA,2021-08-08,10
"804",2021-08-18,NA,"9:44",NA,"rehab",NA,306,9.8,"N",25,320.666666666667,NA,NA,2021-08-08,10
"805",2021-08-18,NA,"9:16",NA,"rehab",NA,307,11.1,"N",24,327.333333333333,NA,NA,2021-08-08,10
"806",2021-08-18,NA,"9:56",NA,"rehab",NA,308,11.3,"N",20,335,NA,NA,2021-08-08,10
"807",2021-08-18,NA,"10:37",NA,"rehab",NA,309,12.3,"N",30,334.666666666667,NA,NA,2021-08-08,10
"808",2021-08-18,NA,"9:48",NA,"rehab",NA,310,12.5,"N",23,310.666666666667,NA,NA,2021-08-08,10
"809",2021-08-18,NA,"10:07",NA,"rehab",NA,311,12.4,"N",22,324.333333333333,NA,NA,2021-08-08,10
"810",2021-08-18,NA,"10:00",NA,"rehab",NA,312,11.3,"N",33,311.333333333333,NA,NA,2021-08-08,10
"811",2021-08-18,NA,"9:59",NA,"rehab",NA,313,9.2,"Y",26,312.5,NA,NA,2021-08-08,10
"812",2021-08-18,NA,"10:27",NA,"rehab",NA,314,10.8,"N",20,319.5,NA,NA,2021-08-08,10
"813",2021-08-18,NA,"9:11",NA,"rehab",NA,315,9.5,"N",19,318.666666666667,NA,NA,2021-08-08,10
"814",2021-08-18,NA,"9:50",NA,"rehab",NA,316,10.3,"N",29,309.333333333333,NA,NA,2021-08-08,10
"815",2021-08-18,NA,"9:39",NA,"rehab",NA,317,10.9,"N",28,339.666666666667,NA,NA,2021-08-08,10
"816",2021-08-18,NA,"9:56",NA,"rehab",NA,318,8,"N",24,355.333333333333,NA,NA,2021-08-08,10
"817",2021-08-18,NA,"10:34",NA,"rehab",NA,319,10.7,"N",19,326.333333333333,NA,NA,2021-08-08,10
"818",2021-08-18,NA,"10:30",NA,"rehab",NA,320,10.6,"N",25,309,NA,NA,2021-08-08,10
"819",2021-08-18,NA,"9:46",NA,"rehab",NA,321,9.8,"N",24,308,NA,NA,2021-08-08,10
"820",2021-08-22,"10:23","13:00","2021-11-03 13:11:00","exp","capture",322,11.7,"N",34,376.333333333333,15.4825,25,2021-08-22,0
"821",2021-08-22,"11:00","13:04","2021-11-03 13:18:00","exp","capture",323,11.7,"N",35,370.666666666667,22.56,26,2021-08-22,0
"822",2021-08-22,"10:00","13:08","2021-11-03 13:25:00","exp","capture",324,12,"Y",44,381,25.085,26,2021-08-22,0
"823",2021-08-22,NA,"13:12","2021-11-03 13:32:00","exp","capture",325,13.7,"N",32,357.666666666667,16.566,27,2021-08-22,0
"824",2021-08-22,"10:11","13:18","2021-11-03 13:39:00","exp","capture",326,11.7,"N",33,350,18.48,28,2021-08-22,0
"825",2021-08-22,"10:53","13:24","2021-11-03 13:45:00","exp","capture",327,10.6,"N",32,365,22.2566666666667,26,2021-08-22,0
"826",2021-08-22,"11:50","13:27","2021-11-03 13:51:00","exp","capture",328,12.7,"N",38,363.5,24.166,27,2021-08-22,0
"827",2021-08-22,"11:15","13:33","2021-11-03 13:59:00","exp","capture",329,12,"N",39,366,27.4066666666667,26,2021-08-22,0
"828",2021-08-22,"11:55","13:36","2021-11-03 14:07:00","exp","capture",330,12.2,"Y",40,372.666666666667,26.93,27,2021-08-22,0
"829",2021-08-22,"11:30","13:41","2021-11-03 14:14:00","exp","capture",331,12,"N",40,387,25.344,26,2021-08-22,0
"830",2021-08-22,"10:36","13:48","2021-11-03 14:20:00","exp","capture",332,12.4,"N",43,393.666666666667,28.822,26,2021-08-22,0
"831",2021-08-22,"11:54","13:51","2021-11-03 14:28:00","exp","capture",333,10,"N",36,369,24.5366666666667,26,2021-08-22,0
"832",2021-08-22,"13:25","13:56","2021-11-03 14:35:00","exp","capture",334,13.8,"N",45,370,22.9,26,2021-08-22,0
"833",2021-08-22,"13:14","13:58","2021-11-03 14:42:00","exp","capture",335,13.2,"N",37,382.5,26.424,25,2021-08-22,0
"834",2021-08-22,"11:14","14:05","2021-11-03 14:48:00","exp","capture",336,13.7,"N",31,393,27.5475,27,2021-08-22,0
"835",2021-08-22,NA,"14:08","2021-11-03 14:53:00","exp","capture",337,11,"N",35,383.666666666667,29.93,26,2021-08-22,0
"836",2021-08-22,NA,"14:10","2021-11-03 15:03:00","exp","capture",338,10.4,"N",46,360.333333333333,22.704,26,2021-08-22,0
"837",2021-08-22,"10:42","14:15","2021-11-03 15:08:00","exp","capture",339,10.4,"N",40,377.333333333333,32.712,27,2021-08-22,0
"838",2021-08-22,"12:30","14:20","2021-11-03 15:13:00","exp","capture",340,10.7,"N",46,395,29.4,26,2021-08-22,0
"839",2021-08-22,"11:20","14:22","2021-11-03 15:19:00","exp","capture",341,14.1,"N",33,373,30.238,25,2021-08-22,0
"840",2021-08-26,NA,"10:25",NA,"exp",NA,322,10.9,"N",33,373,NA,NA,2021-08-22,4
"841",2021-08-26,NA,"10:07",NA,"exp",NA,323,10.9,"N",23,351,NA,NA,2021-08-22,4
"842",2021-08-26,NA,"10:10",NA,"exp",NA,324,11.4,"N",41,381,NA,NA,2021-08-22,4
"843",2021-08-26,NA,"10:13",NA,"exp",NA,325,12.9,"N",28,345.5,NA,NA,2021-08-22,4
"844",2021-08-26,NA,"9:48",NA,"exp",NA,326,10.6,"N",34,364.333333333333,NA,NA,2021-08-22,4
"845",2021-08-26,NA,"9:50",NA,"exp",NA,327,10.2,"N",31,354.5,NA,NA,2021-08-22,4
"846",2021-08-26,NA,"9:52",NA,"exp",NA,328,11.1,"N",29,350.333333333333,NA,NA,2021-08-22,4
"847",2021-08-26,NA,"10:19",NA,"exp",NA,329,10.7,"N",32,377.333333333333,NA,NA,2021-08-22,4
"848",2021-08-26,NA,"10:30",NA,"exp",NA,330,11.2,"N",28,365.666666666667,NA,NA,2021-08-22,4
"849",2021-08-26,NA,"9:54",NA,"exp",NA,331,11.6,"Y",32,369.5,NA,NA,2021-08-22,4
"850",2021-08-26,NA,"9:59",NA,"exp",NA,332,11.7,"N",32,373,NA,NA,2021-08-22,4
"851",2021-08-26,NA,"9:56",NA,"exp",NA,333,9.2,"N",30,325,NA,NA,2021-08-22,4
"852",2021-08-26,NA,"10:05",NA,"exp",NA,334,12.3,"N",29,324.333333333333,NA,NA,2021-08-22,4
"853",2021-08-26,NA,"10:31",NA,"exp",NA,335,11.7,"N",27,358.666666666667,NA,NA,2021-08-22,4
"854",2021-08-26,NA,"10:02",NA,"exp",NA,336,13.5,"N",28,352,NA,NA,2021-08-22,4
"855",2021-08-26,NA,"10:22",NA,"exp",NA,337,10.7,"N",30,352,NA,NA,2021-08-22,4
"856",2021-08-26,NA,"10:16",NA,"exp",NA,338,9.9,"Y",29,347,NA,NA,2021-08-22,4
"857",2021-08-26,NA,"10:03",NA,"exp",NA,339,9.8,"N",25,333.75,NA,NA,2021-08-22,4
"858",2021-08-26,NA,"10:23",NA,"exp",NA,340,9.6,"N",30,379.333333333333,NA,NA,2021-08-22,4
"859",2021-08-26,NA,"10:27",NA,"exp",NA,341,13.7,"N",29,328,NA,NA,2021-08-22,4
"860",2021-08-27,NA,"8:38",NA,"exp",NA,322,10.6,NA,NA,NA,NA,NA,2021-08-22,5
"861",2021-08-27,NA,"8:29",NA,"exp",NA,323,10.8,NA,NA,NA,NA,NA,2021-08-22,5
"862",2021-08-27,NA,"8:34",NA,"exp",NA,324,11.3,NA,NA,NA,NA,NA,2021-08-22,5
"863",2021-08-27,NA,"8:32",NA,"exp",NA,325,12.8,NA,NA,NA,NA,NA,2021-08-22,5
"864",2021-08-27,NA,"8:17",NA,"exp",NA,326,10.3,NA,NA,NA,NA,NA,2021-08-22,5
"865",2021-08-27,NA,"8:53",NA,"exp",NA,327,10.1,NA,NA,NA,NA,NA,2021-08-22,5
"866",2021-08-27,NA,"8:52",NA,"exp",NA,328,10.8,NA,NA,NA,NA,NA,2021-08-22,5
"867",2021-08-27,NA,"8:22",NA,"exp",NA,329,10.4,NA,NA,NA,NA,NA,2021-08-22,5
"868",2021-08-27,NA,"8:35",NA,"exp",NA,330,11.1,NA,NA,NA,NA,NA,2021-08-22,5
"869",2021-08-27,NA,"8:21",NA,"exp",NA,331,11.5,NA,NA,NA,NA,NA,2021-08-22,5
"870",2021-08-27,NA,"8:22",NA,"exp",NA,332,11.6,NA,NA,NA,NA,NA,2021-08-22,5
"871",2021-08-27,NA,"8:24",NA,"exp",NA,333,9,NA,NA,NA,NA,NA,2021-08-22,5
"872",2021-08-27,NA,"8:33",NA,"exp",NA,334,12,NA,NA,NA,NA,NA,2021-08-22,5
"873",2021-08-27,NA,"8:50",NA,"exp",NA,335,11.5,NA,NA,NA,NA,NA,2021-08-22,5
"874",2021-08-27,NA,"8:55",NA,"exp",NA,336,13.2,NA,NA,NA,NA,NA,2021-08-22,5
"875",2021-08-27,NA,"8:49",NA,"exp",NA,337,10.6,NA,NA,NA,NA,NA,2021-08-22,5
"876",2021-08-27,NA,"8:36",NA,"exp",NA,338,9.8,NA,NA,NA,NA,NA,2021-08-22,5
"877",2021-08-27,NA,"8:18",NA,"exp",NA,339,9.6,NA,NA,NA,NA,NA,2021-08-22,5
"878",2021-08-27,NA,"8:48",NA,"exp",NA,340,8.9,NA,NA,NA,NA,NA,2021-08-22,5
"879",2021-08-27,NA,"8:20",NA,"exp",NA,341,13.4,NA,NA,NA,NA,NA,2021-08-22,5
"880",2021-08-28,NA,"13:45",NA,"exp",NA,322,10.6,NA,NA,NA,NA,NA,2021-08-22,6
"881",2021-08-28,NA,"13:36",NA,"exp",NA,323,10.6,NA,NA,NA,NA,NA,2021-08-22,6
"882",2021-08-28,NA,"13:35",NA,"exp",NA,324,11.2,NA,NA,NA,NA,NA,2021-08-22,6
"883",2021-08-28,NA,"13:34",NA,"exp",NA,325,12.6,NA,NA,NA,NA,NA,2021-08-22,6
"884",2021-08-28,NA,"13:24",NA,"exp",NA,326,10.2,NA,NA,NA,NA,NA,2021-08-22,6
"885",2021-08-28,NA,"13:41",NA,"exp",NA,327,10.1,NA,NA,NA,NA,NA,2021-08-22,6
"886",2021-08-28,NA,"13:40",NA,"exp",NA,328,10.6,NA,NA,NA,NA,NA,2021-08-22,6
"887",2021-08-28,NA,"13:18",NA,"exp",NA,329,10,NA,NA,NA,NA,NA,2021-08-22,6
"888",2021-08-28,NA,"13:30",NA,"exp",NA,330,10.9,NA,NA,NA,NA,NA,2021-08-22,6
"889",2021-08-28,NA,"13:21",NA,"exp",NA,331,11.4,NA,NA,NA,NA,NA,2021-08-22,6
"890",2021-08-28,NA,"13:22",NA,"exp",NA,332,11.5,NA,NA,NA,NA,NA,2021-08-22,6
"891",2021-08-28,NA,"13:19",NA,"exp",NA,333,8.7,NA,NA,NA,NA,NA,2021-08-22,6
"892",2021-08-28,NA,"13:32",NA,"exp",NA,334,11.7,NA,NA,NA,NA,NA,2021-08-22,6
"893",2021-08-28,NA,"13:31",NA,"exp",NA,335,11.2,NA,NA,NA,NA,NA,2021-08-22,6
"894",2021-08-28,NA,"13:44",NA,"exp",NA,336,13.2,NA,NA,NA,NA,NA,2021-08-22,6
"895",2021-08-28,NA,"13:39",NA,"exp",NA,337,10.6,NA,NA,NA,NA,NA,2021-08-22,6
"896",2021-08-28,NA,"13:33",NA,"exp",NA,338,9.7,NA,NA,NA,NA,NA,2021-08-22,6
"897",2021-08-28,NA,"13:25",NA,"exp",NA,339,9.3,NA,NA,NA,NA,NA,2021-08-22,6
"898",2021-08-28,NA,"13:43",NA,"exp",NA,340,8.8,NA,NA,NA,NA,NA,2021-08-22,6
"899",2021-08-28,NA,"13:25",NA,"exp",NA,341,13.4,NA,NA,NA,NA,NA,2021-08-22,6
"900",2021-08-29,NA,"10:27",NA,"exp",NA,322,10.5,NA,NA,NA,NA,NA,2021-08-22,7
"901",2021-08-29,NA,"10:19",NA,"exp",NA,323,10.3,NA,NA,NA,NA,NA,2021-08-22,7
"902",2021-08-29,NA,"10:19",NA,"exp",NA,324,11,NA,NA,NA,NA,NA,2021-08-22,7
"903",2021-08-29,NA,"10:29",NA,"exp",NA,325,12.4,NA,NA,NA,NA,NA,2021-08-22,7
"904",2021-08-29,NA,"10:31",NA,"exp",NA,326,9.9,NA,NA,NA,NA,NA,2021-08-22,7
"905",2021-08-29,NA,"10:20",NA,"exp",NA,327,9.7,NA,NA,NA,NA,NA,2021-08-22,7
"906",2021-08-29,NA,"10:28",NA,"exp",NA,328,10.3,NA,NA,NA,NA,NA,2021-08-22,7
"907",2021-08-29,NA,"10:32",NA,"exp",NA,329,9.7,NA,NA,NA,NA,NA,2021-08-22,7
"908",2021-08-29,NA,"10:29",NA,"exp",NA,330,10.7,NA,NA,NA,NA,NA,2021-08-22,7
"909",2021-08-29,NA,"10:23",NA,"exp",NA,331,10.7,NA,NA,NA,NA,NA,2021-08-22,7
"910",2021-08-29,NA,"10:22",NA,"exp",NA,332,10.8,NA,NA,NA,NA,NA,2021-08-22,7
"911",2021-08-29,NA,"10:30",NA,"exp",NA,333,8.5,NA,NA,NA,NA,NA,2021-08-22,7
"912",2021-08-29,NA,"10:30",NA,"exp",NA,334,11.5,NA,NA,NA,NA,NA,2021-08-22,7
"913",2021-08-29,NA,"10:19",NA,"exp",NA,335,10.8,NA,NA,NA,NA,NA,2021-08-22,7
"914",2021-08-29,NA,"10:21",NA,"exp",NA,336,12.8,NA,NA,NA,NA,NA,2021-08-22,7
"915",2021-08-29,NA,"10:21",NA,"exp",NA,337,10.1,NA,NA,NA,NA,NA,2021-08-22,7
"916",2021-08-29,NA,"10:23",NA,"exp",NA,338,9.1,NA,NA,NA,NA,NA,2021-08-22,7
"917",2021-08-29,NA,"10:33",NA,"exp",NA,339,8.9,NA,NA,NA,NA,NA,2021-08-22,7
"918",2021-08-29,NA,"10:28",NA,"exp",NA,340,8.6,NA,NA,NA,NA,NA,2021-08-22,7
"919",2021-08-29,NA,"10:22",NA,"exp",NA,341,12.8,NA,NA,NA,NA,NA,2021-08-22,7
"920",2021-08-30,NA,"10:13","2021-11-03 11:04:00","exp","post-exp",322,10.4,"N",18,342.333333333333,25.995,26,2021-08-22,8
"921",2021-08-30,NA,"9:57","2021-11-03 10:37:00","exp","post-exp",323,10.5,"N",28,360,27.9466666666667,25,2021-08-22,8
"922",2021-08-30,NA,"9:43","2021-11-03 09:55:00","exp","post-exp",324,11.1,"N",36,363,30.05,26,2021-08-22,8
"923",2021-08-30,NA,"9:37","2021-11-03 10:25:00","exp","post-exp",325,12.5,"N",28,334.666666666667,35.968,25,2021-08-22,8
"924",2021-08-30,NA,"9:54","2021-11-03 10:14:00","exp","post-exp",326,10,"N",19,348,34.528,26,2021-08-22,8
"925",2021-08-30,NA,"9:30","2021-11-03 09:44:00","exp","post-exp",327,9.8,"N",30,330,25.565,27,2021-08-22,8
"926",2021-08-30,NA,"9:46","2021-11-03 10:07:00","exp","post-exp",328,10.3,"N",26,320.5,22.105,26,2021-08-22,8
"927",2021-08-30,NA,"9:34","2021-11-03 09:49:00","exp","post-exp",329,9.8,"N",19,347.333333333333,24.9725,26,2021-08-22,8
"928",2021-08-30,NA,"10:18","2021-11-03 11:32:00","exp","post-exp",330,10.6,"N",30,321,38.012,26,2021-08-22,8
"929",2021-08-30,NA,"10:03","2021-11-03 10:56:00","exp","post-exp",331,11.4,"N",28,295.333333333333,23.956,26,2021-08-22,8
"930",2021-08-30,NA,"10:22","2021-11-03 11:19:00","exp","post-exp",332,11.3,"N",26,366,40.64,24,2021-08-22,8
"931",2021-08-30,NA,"10:00","2021-11-03 10:32:00","exp","post-exp",333,8.6,"N",27,333,28.618,24,2021-08-22,8
"932",2021-08-30,NA,"9:26","2021-11-03 09:36:00","exp","post-exp",334,11.5,"N",26,338,26.384,28,2021-08-22,8
"933",2021-08-30,NA,"10:10","2021-11-03 10:49:00","exp","post-exp",335,10.3,"N",30,385,27.96,25,2021-08-22,8
"934",2021-08-30,NA,"9:22","2021-11-03 09:31:00","exp","post-exp",336,13.1,"N",26,338.666666666667,30.678,26,2021-08-22,8
"935",2021-08-30,NA,"9:40","2021-11-03 10:20:00","exp","post-exp",337,10.6,"N",25,332.333333333333,31.68,26,2021-08-22,8
"936",2021-08-30,NA,"10:15","2021-11-03 11:12:00","exp","post-exp",338,9.7,"N",24,323,34.2166666666667,25,2021-08-22,8
"937",2021-08-30,NA,"10:24","2021-11-03 11:25:00","exp","post-exp",339,9.1,"N",20,341,30.0533333333333,26,2021-08-22,8
"938",2021-08-30,NA,"9:49","2021-11-03 10:00:00","exp","post-exp",340,8.5,"N",23,364,36.45,27,2021-08-22,8
"939",2021-08-30,NA,"9:52","2021-11-03 10:43:00","exp","post-exp",341,13.3,"N",23,331.333333333333,25.675,26,2021-08-22,8
"940",2021-09-01,NA,"10:17",NA,"rehab",NA,323,10.8,"N",18,331.333333333333,NA,NA,2021-08-22,10
"941",2021-09-01,NA,"11:02",NA,"rehab",NA,324,12,"N",33,350.666666666667,NA,NA,2021-08-22,10
"942",2021-09-01,NA,"11:08",NA,"rehab",NA,325,13.2,"N",24,338.333333333333,NA,NA,2021-08-22,10
"943",2021-09-01,NA,"10:58",NA,"rehab",NA,326,10,"N",20,344.333333333333,NA,NA,2021-08-22,10
"944",2021-09-01,NA,"10:55",NA,"rehab",NA,327,11.1,"N",25,357.333333333333,NA,NA,2021-08-22,10
"945",2021-09-01,NA,"10:20",NA,"rehab",NA,328,10.7,"N",23,346,NA,NA,2021-08-22,10
"946",2021-09-01,NA,"10:51",NA,"rehab",NA,329,10.3,"N",20,354.5,NA,NA,2021-08-22,10
"947",2021-09-01,NA,"10:35",NA,"rehab",NA,330,11.1,"N",25,364.333333333333,NA,NA,2021-08-22,10
"948",2021-09-01,NA,"10:38",NA,"rehab",NA,331,10.9,"N",29,340.666666666667,NA,NA,2021-08-22,10
"949",2021-09-01,NA,"10:29",NA,"rehab",NA,332,12.5,"N",22,343.666666666667,NA,NA,2021-08-22,10
"950",2021-09-01,NA,"10:48",NA,"rehab",NA,334,11.6,"N",20,331.666666666667,NA,NA,2021-08-22,10
"951",2021-09-01,NA,"10:23",NA,"rehab",NA,335,12,"N",15,338.666666666667,NA,NA,2021-08-22,10
"952",2021-09-01,NA,"10:42",NA,"rehab",NA,336,14.1,"N",NA,325.666666666667,NA,NA,2021-08-22,10
"953",2021-09-01,NA,"11:05",NA,"rehab",NA,337,10.1,"N",27,325.5,NA,NA,2021-08-22,10
"954",2021-09-01,NA,"10:14",NA,"rehab",NA,338,10.3,"N",16,340,NA,NA,2021-08-22,10
"955",2021-09-01,NA,"10:32",NA,"rehab",NA,339,10.3,"N",25,375.333333333333,NA,NA,2021-08-22,10
"956",2021-09-01,NA,"10:45",NA,"rehab",NA,340,9.6,"N",16,342,NA,NA,2021-08-22,10
"957",2021-09-01,NA,"10:27",NA,"rehab",NA,341,13,"N",26,359,NA,NA,2021-08-22,10
