date_blood_drawn,date_osmom_run,time_osmom_run,individual_ID,replicate #,osmolality_mmol_kg,notes
YYYY/MM/DD,,,#,#,#,
2021/06/16,2021/06/16,11:00,201,1,338,
2021/06/16,2021/06/16,11:00,201,2,336,
2021/06/16,2021/06/16,11:00,201,3,336,
2021/06/16,2021/06/16,11:00,202,1,344,
2021/06/16,2021/06/16,11:00,202,2,341,
2021/06/16,2021/06/16,11:00,202,3,341,
2021/06/16,2021/06/16,11:10,203,1,328,
2021/06/16,2021/06/16,11:10,203,2,330,
2021/06/16,2021/06/16,11:10,203,3,331,
2021/06/16,2021/06/16,11:20,204,1,324,
2021/06/16,2021/06/16,11:20,204,2,327,
2021/06/16,2021/06/16,11:25,205,1,320,
2021/06/16,2021/06/16,11:25,205,2,323,
2021/06/16,2021/06/16,11:25,205,3,323,
2021/06/16,2021/06/16,11:30,206,1,324,
2021/06/16,2021/06/16,11:30,206,2,321,
2021/06/16,2021/06/16,11:30,206,3,327,
2021/06/16,2021/06/16,15:25,207,1,326,
2021/06/16,2021/06/16,15:25,207,2,315,
2021/06/16,2021/06/16,15:25,207,3,308,
2021/06/16,2021/06/16,15:32,208,1,338,
2021/06/16,2021/06/16,15:32,208,2,331,
2021/06/16,2021/06/16,15:32,208,3,336,
2021/06/16,2021/06/16,15:44,209,1,384,
2021/06/16,2021/06/16,15:44,209,2,345,
2021/06/16,2021/06/16,15:44,209,3,373,
2021/06/16,2021/06/16,15:53,210,1,375,
2021/06/16,2021/06/16,15:53,210,2,390,
2021/06/16,2021/06/16,16:11,211,1,339,
2021/06/16,2021/06/16,16:11,211,2,324,
2021/06/16,2021/06/16,16:11,211,3,338,
2021/06/16,2021/06/16,16:21,212,1,345,
2021/06/16,2021/06/16,16:21,212,2,362,
2021/06/16,2021/06/16,16:25,213,1,338,
2021/06/16,2021/06/16,16:25,213,2,339,
2021/06/16,2021/06/16,16:25,213,3,341,
2021/06/16,2021/06/16,16:32,214,1,336,
2021/06/16,2021/06/16,16:32,214,2,342,
2021/06/16,2021/06/16,16:32,214,3,359,
2021/06/16,2021/06/16,16:35,215,1,339,
2021/06/16,2021/06/16,16:35,215,2,341,
2021/06/16,2021/06/16,16:45,216,1,344,
2021/06/16,2021/06/16,16:45,216,2,332,
2021/06/16,2021/06/16,16:45,216,3,333,
2021/06/16,2021/06/16,16:53,217,1,336,
2021/06/16,2021/06/16,16:53,217,2,333,
2021/06/16,2021/06/16,16:58,218,1,355,
2021/06/16,2021/06/16,16:58,218,2,335,
2021/06/16,2021/06/16,16:58,218,3,385,
2021/06/16,2021/06/16,17:10,219,1,340,
2021/06/16,2021/06/16,17:10,219,2,332,
2021/06/16,2021/06/16,17:20,220,1,346,
2021/06/16,2021/06/16,17:20,220,2,327,
2021/06/16,2021/06/16,17:20,220,3,337,
2021/06/16,2021/06/16,17:23,221,1,343,
2021/06/16,2021/06/16,17:23,221,2,351,
2021/06/16,2021/06/16,17:23,221,3,345,
2021/06/16,2021/06/16,17:29,222,1,339,
2021/06/16,2021/06/16,17:29,222,2,341,
2021/06/16,2021/06/16,17:29,222,3,346,
2021/06/16,2021/06/16,17:36,223,1,313,
2021/06/16,2021/06/16,17:36,223,2,327,
2021/06/16,2021/06/16,17:40,224,1,333,
2021/06/16,2021/06/16,17:40,224,2,329,
2021/06/16,2021/06/16,17:45,225,1,318,
2021/06/16,2021/06/16,17:45,225,2,322,
2021/06/16,2021/06/16,17:45,225,3,349,
2021/06/16,2021/06/16,17:52,226,1,338,
2021/06/16,2021/06/16,17:52,226,2,348,
2021/06/16,2021/06/16,17:52,226,3,365,
2021/06/20,2021/06/20,10:12,201,1,361,
2021/06/20,2021/06/20,10:12,201,2,363,
2021/06/20,2021/06/20,10:52,202,1,354,
2021/06/20,2021/06/20,10:52,202,2,360,
2021/06/20,2021/06/20,10:52,202,3,357,
2021/06/20,2021/06/20,10:14,203,1,374,
2021/06/20,2021/06/20,10:14,203,2,368,
2021/06/20,2021/06/20,10:14,203,3,378,
2021/06/20,2021/06/20,10:47,204,1,358,
2021/06/20,2021/06/20,10:47,204,2,360,
2021/06/20,2021/06/20,10:36,205,1,391,
2021/06/20,2021/06/20,10:36,205,2,374,
2021/06/20,2021/06/20,10:36,205,3,366,
2021/06/20,2021/06/20,10:01,206,1,353,
2021/06/20,2021/06/20,10:01,206,2,355,
2021/06/20,2021/06/20,10:01,206,3,356,
2021/06/20,2021/06/20,10:49,207,1,330,
2021/06/20,2021/06/20,10:49,207,2,316,
2021/06/20,2021/06/20,10:49,207,3,318,
2021/06/20,2021/06/20,10:06,208,1,352,
2021/06/20,2021/06/20,10:06,208,2,352,
2021/06/20,2021/06/20,10:06,208,3,359,
2021/06/20,2021/06/20,10:38,209,1,380,
2021/06/20,2021/06/20,10:38,209,2,359,
2021/06/20,2021/06/20,10:38,209,3,360,
2021/06/20,2021/06/20,9:52,210,1,335,
2021/06/20,2021/06/20,9:52,210,2,335,
2021/06/20,2021/06/20,9:52,210,3,335,
2021/06/20,2021/06/20,9:50,211,1,317,
2021/06/20,2021/06/20,9:50,211,2,308,
2021/06/20,2021/06/20,9:50,211,3,314,
2021/06/20,2021/06/20,10:19,212,1,327,
2021/06/20,2021/06/20,10:19,212,2,335,
2021/06/20,2021/06/20,10:19,212,3,335,
2021/06/20,2021/06/20,10:26,213,1,317,
2021/06/20,2021/06/20,10:26,213,2,325,
2021/06/20,2021/06/20,10:26,213,3,335,
2021/06/20,2021/06/20,10:51,214,1,318,
2021/06/20,2021/06/20,10:51,214,2,325,
2021/06/20,2021/06/20,10:51,214,3,316,
2021/06/20,2021/06/20,10:33,215,1,300,
2021/06/20,2021/06/20,10:33,215,2,290,
2021/06/20,2021/06/20,10:33,215,3,296,
2021/06/20,2021/06/20,10:37,216,1,297,
2021/06/20,2021/06/20,10:37,216,2,303,
2021/06/20,2021/06/20,10:55,217,1,340,
2021/06/20,2021/06/20,10:55,217,2,331,
2021/06/20,2021/06/20,10:27,218,1,313,
2021/06/20,2021/06/20,10:27,218,2,314,
2021/06/20,2021/06/20,10:10,219,1,336,
2021/06/20,2021/06/20,10:10,219,2,342,
2021/06/20,2021/06/20,9:29,220,1,339,
2021/06/20,2021/06/20,9:29,220,2,332,
2021/06/20,2021/06/20,9:29,220,3,317,
2021/06/20,2021/06/20,9:35,221,1,342,
2021/06/20,2021/06/20,9:35,221,2,340,
2021/06/20,2021/06/20,9:35,221,3,351,
2021/06/20,2021/06/20,10:41,222,1,336,
2021/06/20,2021/06/20,10:41,222,2,340,
2021/06/20,2021/06/20,9:42,223,1,337,
2021/06/20,2021/06/20,9:42,223,2,347,
2021/06/20,2021/06/20,9:42,223,3,335,
2021/06/20,2021/06/20,10:43,224,1,352,
2021/06/20,2021/06/20,10:43,224,2,346,
2021/06/20,2021/06/20,9:53,225,1,366,
2021/06/20,2021/06/20,9:53,225,2,356,
2021/06/20,2021/06/20,9:53,225,3,355,
2021/06/20,2021/06/20,10:04,226,1,368,
2021/06/20,2021/06/20,10:04,226,2,357,
2021/06/24,2021/06/24,9:24,201,1,407,
2021/06/24,2021/06/24,9:24,201,2,404,
2021/06/24,2021/06/24,9:24,201,3,401,
2021/06/24,2021/06/24,10:15,202,1,406,
2021/06/24,2021/06/24,10:15,202,2,417,
2021/06/24,2021/06/24,9:26,203,1,429,
2021/06/24,2021/06/24,10:17,205,1,395,
2021/06/24,2021/06/24,10:17,205,2,396,
2021/06/24,2021/06/24,10:22,206,1,364,
2021/06/24,2021/06/24,10:22,206,2,365,
2021/06/24,2021/06/24,10:22,206,3,369,
2021/06/24,2021/06/24,9:48,207,1,380,
2021/06/24,2021/06/24,9:48,207,2,368,
2021/06/24,2021/06/24,9:48,207,3,379,
2021/06/24,2021/06/24,10:33,208,1,396,
2021/06/24,2021/06/24,10:33,208,2,403,
2021/06/24,2021/06/24,10:33,208,3,400,
2021/06/24,2021/06/24,10:06,209,1,440,
2021/06/24,2021/06/24,10:06,209,2,451,
2021/06/24,2021/06/24,9:33,210,1,400,
2021/06/24,2021/06/24,9:33,210,2,399,
2021/06/24,2021/06/24,9:30,211,1,494,
2021/06/24,2021/06/24,9:30,211,2,517,
2021/06/24,2021/06/24,9:30,211,3,530,
2021/06/24,2021/06/24,10:38,213,1,531,
2021/06/24,2021/06/24,10:38,213,2,591,
2021/06/24,2021/06/24,10:38,213,3,544,
2021/06/24,2021/06/24,9:47,214,1,546,
2021/06/24,2021/06/24,9:47,214,2,560,
2021/06/24,2021/06/24,9:47,214,3,545,
2021/06/24,2021/06/24,11:01,215,1,539,
2021/06/24,2021/06/24,11:01,215,2,551,
2021/06/24,2021/06/24,11:01,215,3,545,
2021/06/24,2021/06/24,10:46,216,1,542,
2021/06/24,2021/06/24,10:46,216,2,545,
2021/06/24,2021/06/24,9:52,217,1,540,
2021/06/24,2021/06/24,9:52,217,2,547,
2021/06/24,2021/06/24,9:38,218,1,542,
2021/06/24,2021/06/24,9:38,218,2,539,
2021/06/24,2021/06/24,9:07,219,1,566,
2021/06/24,2021/06/24,9:07,219,2,566,
2021/06/24,2021/06/24,9:07,219,3,596,
2021/06/24,2021/06/24,9:14,220,1,540,
2021/06/24,2021/06/24,9:14,220,2,536,
2021/06/24,2021/06/24,9:14,220,3,534,
2021/06/24,2021/06/24,10:01,221,1,564,
2021/06/24,2021/06/24,10:01,221,2,564,
2021/06/24,2021/06/24,10:01,221,3,574,
2021/06/24,2021/06/26,9:18,224,1,395,
2021/06/24,2021/06/26,9:18,224,2,295,
2021/06/24,2021/06/26,9:54,225,1,364,
2021/06/24,2021/06/26,9:54,225,2,363,
2021/06/24,2021/06/26,9:54,225,3,365,
2021/06/24,2021/06/26,10:24,226,1,378,
2021/06/24,2021/06/26,10:24,226,2,384,
2021/06/26,2021/06/26,9:47,201,1,383,
2021/06/26,2021/06/26,10:28,202,1,386,
2021/06/26,2021/06/26,10:28,202,2,376,
2021/06/26,2021/06/26,10:28,202,3,383,
2021/06/26,2021/06/26,10:05,203,1,393,
2021/06/26,2021/06/26,10:05,203,2,398,
2021/06/26,2021/06/26,9:27,204,1,316,
2021/06/26,2021/06/26,9:27,204,2,328,
2021/06/26,2021/06/26,9:27,204,3,339,
2021/06/26,2021/06/26,10:02,205,1,339,
2021/06/26,2021/06/26,10:02,205,2,339,
2021/06/26,2021/06/26,10:02,205,3,336,
2021/06/26,2021/06/26,9:37,206,1,345,
2021/06/26,2021/06/26,9:37,206,2,356,
2021/06/26,2021/06/26,9:37,206,3,344,
2021/06/26,2021/06/26,9:50,207,1,329,
2021/06/26,2021/06/26,9:50,207,2,325,
2021/06/26,2021/06/26,9:50,207,3,331,
2021/06/26,2021/06/26,10:20,208,1,323,
2021/06/26,2021/06/26,10:20,208,2,316,
2021/06/26,2021/06/26,10:20,208,3,325,
2021/06/26,2021/06/26,10:10,209,1,379,
2021/06/26,2021/06/26,10:10,209,2,372,
2021/06/26,2021/06/26,10:10,209,3,373,
2021/06/26,2021/06/26,9:59,210,1,358,
2021/06/26,2021/06/26,9:59,210,2,357,
2021/06/26,2021/06/26,9:59,210,3,360,
2021/06/26,2021/06/26,10:38,211,1,342,
2021/06/26,2021/06/26,10:38,211,2,340,
2021/06/26,2021/06/26,10:38,211,3,343,
2021/06/26,2021/06/26,9:37,213,1,330,
2021/06/26,2021/06/26,9:37,213,2,345,
2021/06/26,2021/06/26,10:31,214,1,351,
2021/06/26,2021/06/26,10:31,214,2,349,
2021/06/26,2021/06/26,10:31,214,3,346,
2021/06/26,2021/06/26,10:24,215,1,340,
2021/06/26,2021/06/26,10:24,215,2,336,
2021/06/26,2021/06/26,10:24,215,3,342,
2021/06/26,2021/06/26,9:23,216,1,313,
2021/06/26,2021/06/26,9:23,216,2,312,
2021/06/26,2021/06/26,9:23,216,3,317,
2021/06/26,2021/06/26,10:17,217,1,334,
2021/06/26,2021/06/26,10:17,217,2,331,
2021/06/26,2021/06/26,10:17,217,3,331,
2021/06/26,2021/06/26,9:53,218,1,348,
2021/06/26,2021/06/26,9:53,218,2,347,
2021/06/26,2021/06/26,9:53,218,3,360,
2021/06/26,2021/06/26,9:55,220,1,353,
2021/06/26,2021/06/26,9:55,220,2,355,
2021/06/26,2021/06/26,9:55,220,3,360,
2021/06/26,2021/06/26,10:34,221,1,349,
2021/06/26,2021/06/26,10:34,221,2,358,
2021/06/26,2021/06/26,10:34,221,3,353,
2021/06/26,2021/06/26,9:20,222,1,342,
2021/06/26,2021/06/26,9:20,222,2,340,
2021/06/26,2021/06/26,9:20,222,3,346,
2021/06/26,2021/06/26,9:31,223,1,364,
2021/06/26,2021/06/26,9:31,223,2,349,
2021/06/26,2021/06/26,9:31,223,3,353,
2021/06/26,2021/06/26,10:42,224,1,342,
2021/06/26,2021/06/26,10:42,224,2,341,
2021/06/26,2021/06/26,10:42,224,3,352,
2021/06/26,2021/06/26,9:42,225,1,381,
2021/06/26,2021/06/26,9:42,225,2,247,
2021/06/26,2021/06/26,9:42,225,3,348,
2021/06/26,2021/06/26,10:13,226,1,355,
2021/06/26,2021/06/26,10:13,226,2,356,
2021/06/26,2021/06/26,10:13,226,3,363,
2021/06/26,2021/06/26,11:24,227,1,335,
2021/06/26,2021/06/26,11:24,227,2,330,
2021/06/26,2021/06/26,11:24,227,3,337,
2021/06/26,2021/06/26,11:30,228,1,331,
2021/06/26,2021/06/26,11:30,228,2,318,
2021/06/26,2021/06/26,11:35,229,1,337,
2021/06/26,2021/06/26,11:35,229,2,337,
2021/06/26,2021/06/26,11:35,229,3,339,
2021/06/26,2021/06/26,11:40,230,1,323,
2021/06/26,2021/06/26,11:47,231,1,337,
2021/06/26,2021/06/26,11:47,231,2,337,
2021/06/26,2021/06/26,11:47,231,3,348,
2021/06/26,2021/06/26,11:50,232,1,326,
2021/06/26,2021/06/26,11:50,232,2,330,
2021/06/26,2021/06/26,11:50,232,3,326,
2021/06/26,2021/06/26,11:56,233,1,333,
2021/06/26,2021/06/26,11:56,233,2,340,
2021/06/26,2021/06/26,12:01,234,1,338,
2021/06/26,2021/06/26,12:01,234,2,333,
2021/06/26,2021/06/26,12:01,234,3,326,
2021/06/26,2021/06/26,12:05,235,1,321,
2021/06/26,2021/06/26,12:05,235,2,327,
2021/06/26,2021/06/26,12:05,235,3,323,
2021/06/26,2021/06/26,12:08,236,1,330,
2021/06/26,2021/06/26,12:08,236,2,337,
2021/06/26,2021/06/26,12:08,236,3,336,
2021/06/26,2021/06/26,12:11,237,1,334,
2021/06/26,2021/06/26,12:11,237,2,313,
2021/06/26,2021/06/26,12:11,237,3,318,
2021/06/26,2021/06/26,12:15,238,1,331,
2021/06/26,2021/06/26,12:15,238,2,328,
2021/06/26,2021/06/26,12:15,238,3,364,
2021/06/26,2021/06/26,12:19,239,1,320,
2021/06/26,2021/06/26,12:19,239,2,331,
2021/06/26,2021/06/26,12:23,240,1,327,
2021/06/26,2021/06/26,12:23,240,2,325,
2021/06/26,2021/06/26,12:23,240,3,322,
2021/06/26,2021/06/26,12:27,241,1,324,
2021/06/26,2021/06/26,12:27,241,2,325,
2021/06/26,2021/06/26,12:27,241,3,326,
2021/06/26,2021/06/26,12:58,242,1,329,
2021/06/26,2021/06/26,12:58,242,2,325,
2021/06/26,2021/06/26,12:58,242,3,337,
2021/06/26,2021/06/26,13:04,243,1,355,
2021/06/26,2021/06/26,13:04,243,2,336,
2021/06/26,2021/06/26,13:04,243,3,339,
2021/06/26,2021/06/26,13:10,244,1,334,
2021/06/26,2021/06/26,13:10,244,2,318,
2021/06/26,2021/06/26,13:10,244,3,326,
2021/06/26,2021/06/26,13:13,245,1,328,
2021/06/26,2021/06/26,13:13,245,2,323,
2021/06/26,2021/06/26,15:11,246,1,343,
2021/06/26,2021/06/26,15:11,246,2,340,
2021/06/26,2021/06/27,12:05,247,1,344,
2021/06/26,2021/06/27,12:05,247,2,345,
2021/06/26,2021/06/27,12:10,248,1,341,
2021/06/26,2021/06/27,12:10,248,2,331,
2021/06/26,2021/06/27,12:10,248,3,333,
2021/06/26,2021/06/27,12:12,249,1,340,
2021/06/26,2021/06/27,12:12,249,2,345,
2021/06/26,2021/06/27,12:12,249,3,338,
2021/06/26,2021/06/27,12:18,250,1,373,
2021/06/26,2021/06/27,12:18,250,2,372,
2021/06/26,2021/06/27,12:18,250,3,368,
2021/06/26,2021/06/27,12:25,251,1,324,
2021/06/26,2021/06/27,12:25,251,2,319,
2021/06/26,2021/06/27,12:25,251,3,320,
2021/06/26,2021/06/27,12:32,252,1,353,
2021/06/26,2021/06/27,12:32,252,2,347,
2021/06/26,2021/06/27,12:32,252,3,358,
2021/06/26,2021/06/27,12:39,253,1,327,
2021/06/26,2021/06/27,12:39,253,2,362,
2021/06/26,2021/06/27,12:39,253,3,336,
2021/06/26,2021/06/27,12:46,254,1,326,
2021/06/26,2021/06/27,12:46,254,2,314,
2021/06/26,2021/06/27,12:46,254,3,318,
2021/06/26,2021/06/27,12:52,255,1,326,
2021/06/26,2021/06/27,12:52,255,2,329,
2021/06/26,2021/06/27,12:52,255,3,331,
2021/06/26,2021/06/27,12:59,256,1,370,
2021/06/26,2021/06/27,12:59,256,2,354,
2021/06/26,2021/06/27,13:21,257,1,303,
2021/06/26,2021/06/27,13:21,257,2,307,
2021/06/26,2021/06/27,13:23,258,1,346,
2021/06/26,2021/06/27,13:23,258,2,339,
2021/06/26,2021/06/27,13:23,258,3,355,
2021/06/30,2021/06/30,12:05,227,1,348,
2021/06/30,2021/06/30,12:05,227,2,353,
2021/06/30,2021/06/30,12:05,227,3,358,
2021/06/30,2021/06/30,12:11,228,1,380,
2021/06/30,2021/06/30,12:11,228,2,371,
2021/06/30,2021/06/30,12:16,229,1,357,
2021/06/30,2021/06/30,12:16,229,2,357,
2021/06/30,2021/06/30,12:16,229,3,350,
2021/06/30,2021/06/30,12:23,230,1,357,
2021/06/30,2021/06/30,12:23,230,2,343,
2021/06/30,2021/06/30,12:29,231,1,370,
2021/06/30,2021/06/30,12:29,231,2,372,
2021/06/30,2021/06/30,12:35,232,1,405,
2021/06/30,2021/06/30,12:35,232,2,406,
2021/06/30,2021/06/30,12:35,232,3,416,
2021/06/30,2021/06/30,12:44,233,1,388,
2021/06/30,2021/06/30,12:44,233,2,403,
2021/06/30,2021/06/30,12:44,233,3,388,
2021/06/30,2021/06/30,12:49,234,1,369,
2021/06/30,2021/06/30,12:49,234,2,371,
2021/06/30,2021/06/30,12:54,235,1,368,
2021/06/30,2021/06/30,12:54,235,2,372,
2021/06/30,2021/06/30,13:01,236,1,395,
2021/06/30,2021/06/30,13:01,236,2,388,
2021/06/30,2021/06/30,13:01,236,3,400,
2021/06/30,2021/06/30,13:09,237,1,367,
2021/06/30,2021/06/30,13:09,237,2,404,
2021/06/30,2021/06/30,13:09,237,3,374,
2021/06/30,2021/06/30,13:15,238,1,390,
2021/06/30,2021/06/30,13:15,238,2,398,
2021/06/30,2021/06/30,13:15,238,3,405,
2021/06/30,2021/06/30,13:21,239,1,380,
2021/06/30,2021/06/30,13:21,239,2,390,
2021/06/30,2021/06/30,13:21,239,3,382,
2021/06/30,2021/06/30,13:29,240,1,399,
2021/06/30,2021/06/30,13:29,240,2,386,
2021/06/30,2021/06/30,13:29,240,3,392,
2021/06/30,2021/06/30,13:34,241,1,404,
2021/06/30,2021/06/30,13:34,241,2,403,
2021/06/30,2021/06/30,13:34,241,3,413,
2021/06/30,2021/06/30,14:38,242,1,354,
2021/06/30,2021/06/30,14:38,242,2,352,
2021/06/30,2021/06/30,14:45,243,1,355,
2021/06/30,2021/06/30,14:45,243,2,354,
2021/06/30,2021/06/30,14:45,243,3,357,
2021/06/30,2021/06/30,14:49,244,1,358,
2021/06/30,2021/06/30,14:49,244,2,357,
2021/06/30,2021/06/30,14:49,244,3,359,
2021/06/30,2021/06/30,14:55,245,1,382,
2021/06/30,2021/06/30,14:55,245,2,388,
2021/06/30,2021/06/30,15:00,246,1,414,
2021/06/30,2021/06/30,15:00,246,2,416,
2021/06/30,2021/06/30,15:04,247,1,383,
2021/06/30,2021/06/30,15:04,247,2,389,
2021/06/30,2021/06/30,15:04,247,3,391,
2021/06/30,2021/06/30,15:14,249,1,355,
2021/06/30,2021/06/30,15:14,249,2,353,
2021/06/30,2021/06/30,15:14,249,3,362,
2021/06/30,2021/06/30,15:17,250,1,403,
2021/06/30,2021/06/30,15:17,250,2,401,
2021/06/30,2021/06/30,15:17,250,3,403,
2021/06/30,2021/06/30,15:24,251,1,347,
2021/06/30,2021/06/30,15:24,251,2,357,
2021/06/30,2021/06/30,15:24,251,3,354,
2021/06/30,2021/06/30,15:31,252,1,374,
2021/06/30,2021/06/30,15:31,252,2,381,
2021/06/30,2021/06/30,15:31,252,3,382,
2021/06/30,2021/06/30,15:37,253,1,361,
2021/06/30,2021/06/30,15:37,253,2,363,
2021/06/30,2021/06/30,15:44,256,1,417,
2021/06/30,2021/06/30,15:44,256,2,444,
2021/06/30,2021/06/30,15:44,256,3,420,
2021/06/30,2021/06/30,15:49,257,1,370,
2021/06/30,2021/06/30,15:49,257,2,383,
2021/06/30,2021/06/30,15:53,258,1,391,
2021/06/30,2021/06/30,15:53,258,2,405,
2021/06/30,2021/06/30,15:53,258,3,401,
2021/07/04,2021/07/05,10:03,227,1,330,
2021/07/04,2021/07/05,11:01,228,1,342,
2021/07/04,2021/07/05,11:01,228,2,336,
2021/07/04,2021/07/05,11:01,228,3,343,
2021/07/04,2021/07/05,10:08,229,1,345,
2021/07/04,2021/07/05,10:08,229,2,348,
2021/07/04,2021/07/05,10:08,229,3,343,
2021/07/04,2021/07/05,11:09,230,1,329,
2021/07/04,2021/07/05,11:09,230,2,331,
2021/07/04,2021/07/05,11:09,230,3,329,
2021/07/04,2021/07/05,10:39,231,1,335,
2021/07/04,2021/07/05,10:39,231,2,335,
2021/07/04,2021/07/05,10:39,231,3,341,
2021/07/04,2021/07/05,10:26,232,1,366,
2021/07/04,2021/07/05,10:26,232,2,366,
2021/07/04,2021/07/05,10:26,232,3,369,
2021/07/04,2021/07/05,9:48,234,1,329,
2021/07/04,2021/07/05,9:48,234,2,331,
2021/07/04,2021/07/05,10:51,235,1,318,
2021/07/04,2021/07/05,10:51,235,2,316,
2021/07/04,2021/07/05,10:51,235,3,325,
2021/07/04,2021/07/05,10:58,236,1,350,
2021/07/04,2021/07/05,10:58,236,2,344,
2021/07/04,2021/07/05,10:58,236,3,346,
2021/07/04,2021/07/05,11:12,237,1,324,
2021/07/04,2021/07/05,11:12,237,2,323,
2021/07/04,2021/07/05,11:12,237,3,319,
2021/07/04,2021/07/05,11:14,238,1,331,
2021/07/04,2021/07/05,11:14,238,2,332,
2021/07/04,2021/07/05,10:11,239,1,329,
2021/07/04,2021/07/05,10:11,239,2,327,
2021/07/04,2021/07/05,10:11,239,3,329,
2021/07/04,2021/07/05,10:48,240,1,361,
2021/07/04,2021/07/05,10:48,240,2,358,
2021/07/04,2021/07/05,10:48,240,3,366,
2021/07/04,2021/07/05,9:54,241,1,337,
2021/07/04,2021/07/05,9:54,241,2,338,
2021/07/04,2021/07/05,9:54,241,3,334,
2021/07/04,2021/07/05,9:51,242,1,331,
2021/07/04,2021/07/05,9:51,242,2,327,
2021/07/04,2021/07/05,9:51,242,3,330,
2021/07/04,2021/07/05,11:17,243,1,332,
2021/07/04,2021/07/05,11:17,243,2,332,
2021/07/04,2021/07/05,11:17,243,3,330,
2021/07/04,2021/07/05,10:44,244,1,344,
2021/07/04,2021/07/05,10:44,244,2,342,
2021/07/04,2021/07/05,10:44,244,3,343,
2021/07/04,2021/07/05,9:40,245,1,339,
2021/07/04,2021/07/05,9:40,245,2,331,
2021/07/04,2021/07/05,9:40,245,3,331,
2021/07/04,2021/07/05,11:07,246,1,395,
2021/07/04,2021/07/05,11:07,246,2,393,
2021/07/04,2021/07/05,11:07,246,3,402,
2021/07/04,2021/07/05,10:14,247,1,359,
2021/07/04,2021/07/05,10:14,247,2,355,
2021/07/04,2021/07/05,10:14,247,3,355,
2021/07/04,2021/07/05,10:42,249,1,342,
2021/07/04,2021/07/05,10:42,249,2,340,
2021/07/04,2021/07/05,10:42,249,3,341,
2021/07/04,2021/07/05,10:05,250,1,383,
2021/07/04,2021/07/05,10:05,250,2,381,
2021/07/04,2021/07/05,10:05,250,3,382,
2021/07/04,2021/07/05,9:35,251,1,323,
2021/07/04,2021/07/05,9:35,251,2,324,
2021/07/04,2021/07/05,9:35,251,3,326,
2021/07/04,2021/07/05,9:44,252,1,324,
2021/07/04,2021/07/05,9:44,252,2,322,
2021/07/04,2021/07/05,9:44,252,3,328,
2021/07/04,2021/07/05,10:17,253,1,333,
2021/07/04,2021/07/05,10:17,253,2,337,
2021/07/04,2021/07/05,10:17,253,3,336,
2021/07/04,2021/07/05,10:20,255,1,350,
2021/07/04,2021/07/05,10:20,255,2,348,
2021/07/04,2021/07/05,10:20,255,3,347,
2021/07/04,2021/07/05,10:30,256,1,407,
2021/07/04,2021/07/05,10:30,256,2,406,
2021/07/04,2021/07/05,10:30,256,3,410,
2021/07/04,2021/07/05,10:33,257,1,355,
2021/07/04,2021/07/05,10:33,257,2,358,
2021/07/04,2021/07/05,9:24,258,1,355,
2021/07/04,2021/07/05,9:24,258,2,355,
2021/07/04,2021/07/05,9:24,258,3,363,
2021/07/06,2021/07/06,9:55,227,1,364,
2021/07/06,2021/07/06,9:55,227,2,368,
2021/07/06,2021/07/06,9:55,227,3,363,
2021/07/06,2021/07/06,9:25,228,1,367,
2021/07/06,2021/07/06,9:25,228,2,363,
2021/07/06,2021/07/06,9:25,228,3,365,
2021/07/06,2021/07/06,10:30,229,1,361,
2021/07/06,2021/07/06,10:30,229,2,354,
2021/07/06,2021/07/06,10:30,229,3,347,
2021/07/06,2021/07/06,9:51,230,1,373,
2021/07/06,2021/07/06,9:51,230,2,374,
2021/07/06,2021/07/06,10:02,231,1,370,
2021/07/06,2021/07/06,10:02,231,2,363,
2021/07/06,2021/07/06,10:02,231,3,360,
2021/07/06,2021/07/06,9:36,232,1,422,
2021/07/06,2021/07/06,9:36,232,2,407,
2021/07/06,2021/07/06,9:36,232,3,422,
2021/07/06,2021/07/06,9:39,234,1,365,
2021/07/06,2021/07/06,9:39,234,2,370,
2021/07/06,2021/07/06,9:39,234,3,368,
2021/07/06,2021/07/06,9:54,235,1,344,
2021/07/06,2021/07/06,9:54,235,2,346,
2021/07/06,2021/07/06,9:54,235,3,352,
2021/07/06,2021/07/06,9:45,236,1,381,
2021/07/06,2021/07/06,9:45,236,2,402,
2021/07/06,2021/07/06,9:45,236,3,402,
2021/07/06,2021/07/06,9:33,237,1,383,
2021/07/06,2021/07/06,9:33,237,2,369,
2021/07/06,2021/07/06,9:33,237,3,380,
2021/07/06,2021/07/06,9:59,238,1,354,
2021/07/06,2021/07/06,9:59,238,2,359,
2021/07/06,2021/07/06,9:59,238,3,354,
2021/07/06,2021/07/06,9:44,240,1,409,
2021/07/06,2021/07/06,9:44,240,2,400,
2021/07/06,2021/07/06,9:44,240,3,401,
2021/07/06,2021/07/06,9:49,241,1,374,
2021/07/06,2021/07/06,9:49,241,2,374,
2021/07/06,2021/07/06,9:49,241,3,381,
2021/07/06,2021/07/06,10:13,242,1,372,
2021/07/06,2021/07/06,10:13,242,2,365,
2021/07/06,2021/07/06,10:13,242,3,376,
2021/07/06,2021/07/06,10:12,243,1,393,
2021/07/06,2021/07/06,10:12,243,2,399,
2021/07/06,2021/07/06,10:12,243,3,391,
2021/07/06,2021/07/06,9:30,244,1,368,
2021/07/06,2021/07/06,9:30,244,2,363,
2021/07/06,2021/07/06,9:30,244,3,368,
2021/07/06,2021/07/06,10:16,245,1,367,
2021/07/06,2021/07/06,10:16,245,2,362,
2021/07/06,2021/07/06,10:16,245,3,363,
2021/07/06,2021/07/06,10:01,247,1,400,
2021/07/06,2021/07/06,10:01,247,2,394,
2021/07/06,2021/07/06,10:01,247,3,410,
2021/07/06,2021/07/06,9:45,249,1,359,
2021/07/06,2021/07/06,9:45,249,2,361,
2021/07/06,2021/07/06,9:45,249,3,364,
2021/07/06,2021/07/06,10:36,250,1,416,
2021/07/06,2021/07/06,10:36,250,2,417,
2021/07/06,2021/07/06,9:37,251,1,365,
2021/07/06,2021/07/06,9:37,251,2,369,
2021/07/06,2021/07/06,9:37,251,3,369,
2021/07/06,2021/07/06,9:56,252,1,374,
2021/07/06,2021/07/06,9:56,252,2,372,
2021/07/06,2021/07/06,10:38,253,1,371,
2021/07/06,2021/07/06,10:38,253,2,373,
2021/07/06,2021/07/06,10:38,253,3,382,
2021/07/06,2021/07/06,10:28,255,1,387,
2021/07/06,2021/07/06,10:28,255,2,388,
2021/07/06,2021/07/06,10:25,256,1,379,
2021/07/06,2021/07/06,10:25,256,2,371,
2021/07/06,2021/07/06,10:25,256,3,370,
2021/07/06,2021/07/06,10:20,257,1,349,
2021/07/06,2021/07/06,10:20,257,2,354,
2021/07/06,2021/07/06,10:20,258,1,407,
2021/07/06,2021/07/06,10:20,258,2,413,
2021/07/20,2021/07/20,12:55,259,1,359,
2021/07/20,2021/07/20,12:55,259,2,356,
2021/07/20,2021/07/20,12:55,259,3,355,
2021/07/20,2021/07/20,12:58,260,1,348,
2021/07/20,2021/07/20,12:58,260,2,344,
2021/07/20,2021/07/20,12:58,260,3,346,
2021/07/20,2021/07/20,13:05,261,1,323,
2021/07/20,2021/07/20,13:05,261,2,324,
2021/07/20,2021/07/20,13:05,261,3,330,
2021/07/20,2021/07/20,13:10,262,1,332,
2021/07/20,2021/07/20,13:10,262,2,326,
2021/07/20,2021/07/20,13:10,262,3,330,
2021/07/20,2021/07/20,13:18,263,1,360,
2021/07/20,2021/07/20,13:18,263,2,362,
2021/07/20,2021/07/20,13:18,263,3,357,
2021/07/20,2021/07/20,13:23,264,1,334,
2021/07/20,2021/07/20,13:23,264,2,336,
2021/07/20,2021/07/20,13:23,264,3,333,
2021/07/20,2021/07/20,13:32,265,1,342,
2021/07/20,2021/07/20,13:32,265,2,338,
2021/07/20,2021/07/20,13:32,265,3,342,
2021/07/20,2021/07/20,13:39,266,1,364,
2021/07/20,2021/07/20,13:39,266,2,337,
2021/07/20,2021/07/20,13:39,266,3,341,
2021/07/20,2021/07/20,13:44,267,1,332,
2021/07/20,2021/07/20,13:44,267,2,328,
2021/07/20,2021/07/20,13:44,267,3,328,
2021/07/20,2021/07/20,13:51,268,1,339,
2021/07/20,2021/07/20,13:51,268,2,336,
2021/07/20,2021/07/20,13:51,268,3,343,
2021/07/20,2021/07/20,13:58,269,1,346,
2021/07/20,2021/07/20,13:58,269,2,340,
2021/07/20,2021/07/20,13:58,269,3,346,
2021/07/20,2021/07/20,14:04,270,1,340,
2021/07/20,2021/07/20,14:04,270,2,349,
2021/07/20,2021/07/20,14:04,270,3,346,
2021/07/20,2021/07/20,14:11,271,1,334,
2021/07/20,2021/07/20,14:11,271,2,337,
2021/07/20,2021/07/20,14:11,271,3,338,
2021/07/20,2021/07/20,14:18,272,1,323,
2021/07/20,2021/07/20,14:18,272,2,319,
2021/07/20,2021/07/20,14:18,272,3,325,
2021/07/20,2021/07/20,14:24,273,1,341,
2021/07/20,2021/07/20,14:24,273,2,337,
2021/07/20,2021/07/20,14:24,273,3,340,
2021/07/20,2021/07/20,14:31,274,1,331,
2021/07/20,2021/07/20,14:31,274,2,342,
2021/07/24,2021/07/24,13:34,259,1,340,
2021/07/24,2021/07/24,13:34,259,2,334,
2021/07/24,2021/07/24,13:34,259,3,335,
2021/07/24,2021/07/24,13:40,260,1,334,
2021/07/24,2021/07/24,13:40,260,2,328,
2021/07/24,2021/07/24,13:40,260,3,333,
2021/07/24,2021/07/24,13:48,261,1,326,
2021/07/24,2021/07/24,13:48,261,2,335,
2021/07/24,2021/07/24,13:48,261,3,336,
2021/07/24,2021/07/24,13:54,262,1,333,
2021/07/24,2021/07/24,13:54,262,2,330,
2021/07/24,2021/07/24,13:54,262,3,327,
2021/07/24,2021/07/24,14:01,263,1,342,
2021/07/24,2021/07/24,14:01,263,2,346,
2021/07/24,2021/07/24,14:20,264,1,331,
2021/07/24,2021/07/24,14:20,264,2,322,
2021/07/24,2021/07/24,14:20,264,3,322,
2021/07/24,2021/07/24,14:27,265,1,348,
2021/07/24,2021/07/24,14:27,265,2,349,
2021/07/24,2021/07/24,14:27,265,3,351,
2021/07/24,2021/07/24,14:39,266,1,336,
2021/07/24,2021/07/24,14:39,266,2,335,
2021/07/24,2021/07/24,14:39,266,3,336,
2021/07/24,2021/07/24,14:46,267,1,321,
2021/07/24,2021/07/24,14:46,267,2,327,
2021/07/24,2021/07/24,14:46,267,3,331,
2021/07/24,2021/07/24,14:53,268,1,342,
2021/07/24,2021/07/24,14:53,268,2,338,
2021/07/24,2021/07/24,14:53,268,3,314,
2021/07/24,2021/07/24,15:01,269,1,336,
2021/07/24,2021/07/24,15:01,269,2,340,
2021/07/24,2021/07/24,15:01,269,3,338,
2021/07/24,2021/07/24,15:10,270,1,319,
2021/07/24,2021/07/24,15:10,270,2,318,
2021/07/24,2021/07/24,15:10,270,3,316,
2021/07/24,2021/07/24,15:15,271,1,325,
2021/07/24,2021/07/24,15:15,271,2,355,
2021/07/24,2021/07/24,15:15,271,3,329,
2021/07/24,2021/07/24,15:22,272,1,319,
2021/07/24,2021/07/24,15:22,272,2,321,
2021/07/24,2021/07/24,15:22,272,3,322,
2021/07/24,2021/07/24,15:29,273,1,346,
2021/07/24,2021/07/24,15:29,273,2,347,
2021/07/24,2021/07/24,15:29,273,3,328,
2021/07/24,2021/07/24,15:35,274,1,332,
2021/07/24,2021/07/24,15:35,274,2,319,
2021/07/24,2021/07/24,15:35,274,3,322,
2021/07/24,2021/07/24,15:42,275,1,327,
2021/07/24,2021/07/24,15:42,275,2,345,
2021/07/24,2021/07/24,15:42,275,3,348,
2021/07/24,2021/07/24,15:49,276,1,347,
2021/07/24,2021/07/24,15:49,276,2,350,
2021/07/24,2021/07/24,15:49,276,3,351,
2021/07/24,2021/07/24,15:56,277,1,332,
2021/07/24,2021/07/24,15:56,277,2,333,
2021/07/24,2021/07/24,15:56,277,3,340,
2021/07/24,2021/07/24,16:03,278,1,322,
2021/07/24,2021/07/24,16:03,278,2,325,
2021/07/24,2021/07/24,16:03,278,3,319,
2021/07/24,2021/07/25,13:44,279,1,353,
2021/07/24,2021/07/25,13:44,279,2,354,
2021/07/24,2021/07/25,13:44,279,3,355,
2021/07/24,2021/07/25,13:51,280,1,349,
2021/07/24,2021/07/25,13:51,280,2,338,
2021/07/24,2021/07/25,13:51,280,3,344,
2021/07/24,2021/07/25,13:58,281,1,386,
2021/07/24,2021/07/25,13:58,281,2,386,
2021/07/24,2021/07/25,13:58,281,3,398,
2021/07/24,2021/07/25,14:05,282,1,362,
2021/07/24,2021/07/25,14:05,282,2,355,
2021/07/24,2021/07/25,14:05,282,3,357,
2021/07/24,2021/07/25,14:12,283,1,483,
2021/07/24,2021/07/25,14:12,283,2,485,
2021/07/24,2021/07/25,14:12,283,3,510,
2021/07/24,2021/07/25,14:19,285,1,362,
2021/07/24,2021/07/25,14:19,285,2,352,
2021/07/24,2021/07/25,14:19,285,3,344,
2021/07/24,2021/07/25,14:25,286,1,358,
2021/07/24,2021/07/25,14:25,286,2,360,
2021/07/24,2021/07/25,14:25,286,3,374,
2021/07/24,2021/07/25,14:32,287,1,384,
2021/07/24,2021/07/25,14:32,287,2,379,
2021/07/24,2021/07/25,14:41,288,1,383,
2021/07/24,2021/07/25,14:41,288,2,345,
2021/07/24,2021/07/25,15:09,289,1,341,
2021/07/24,2021/07/25,15:09,289,2,337,
2021/07/24,2021/07/25,15:09,289,3,341,
2021/07/24,2021/07/25,15:15,290,1,343,
2021/07/24,2021/07/25,15:15,290,2,335,
2021/07/24,2021/07/25,15:15,290,3,347,
2021/07/24,2021/07/25,15:20,291,1,347,
2021/07/24,2021/07/25,15:20,291,2,352,
2021/07/24,2021/07/25,15:20,291,3,372,
2021/07/24,2021/07/25,15:26,292,1,332,
2021/07/24,2021/07/25,15:26,292,2,336,
2021/07/24,2021/07/25,15:26,292,3,336,
2021/07/24,2021/07/25,15:34,293,1,330,
2021/07/24,2021/07/25,15:34,293,2,323,
2021/07/24,2021/07/25,15:34,293,3,324,
2021/07/28,2021/07/28,10:32,259,1,349,
2021/07/28,2021/07/28,10:50,260,1,333,
2021/07/28,2021/07/28,10:50,260,2,329,
2021/07/28,2021/07/28,10:50,260,3,337,
2021/07/28,2021/07/28,10:56,261,1,335,
2021/07/28,2021/07/28,10:56,261,2,338,
2021/07/28,2021/07/28,11:06,262,1,337,
2021/07/28,2021/07/28,11:06,262,2,362,
2021/07/28,2021/07/28,11:06,262,3,340,
2021/07/28,2021/07/28,11:12,263,1,359,
2021/07/28,2021/07/28,11:12,263,2,348,
2021/07/28,2021/07/28,11:19,264,1,342,
2021/07/28,2021/07/28,11:19,264,2,347,
2021/07/28,2021/07/28,11:22,265,1,397,
2021/07/28,2021/07/28,11:22,265,2,373,
2021/07/28,2021/07/28,11:25,266,1,345,
2021/07/28,2021/07/28,11:25,266,2,338,
2021/07/28,2021/07/28,11:29,267,1,330,
2021/07/28,2021/07/28,11:29,267,2,330,
2021/07/28,2021/07/28,11:34,268,1,332,
2021/07/28,2021/07/28,11:34,268,2,330,
2021/07/28,2021/07/28,11:38,269,1,370,
2021/07/28,2021/07/28,11:38,269,2,370,
2021/07/28,2021/07/28,11:43,270,1,358,
2021/07/28,2021/07/28,11:43,270,2,343,
2021/07/28,2021/07/28,11:49,271,1,356,
2021/07/28,2021/07/28,11:49,271,2,349,
2021/07/28,2021/07/28,11:53,272,1,357,
2021/07/28,2021/07/28,11:53,272,2,363,
2021/07/28,2021/07/28,11:53,272,3,359,
2021/07/28,2021/07/28,12:00,273,1,359,
2021/07/28,2021/07/28,12:00,273,2,364,
2021/07/28,2021/07/28,12:00,273,3,363,
2021/07/28,2021/07/28,12:07,274,1,376,
2021/07/28,2021/07/28,12:10,275,1,384,
2021/07/28,2021/07/28,12:10,275,2,394,
2021/07/28,2021/07/28,12:14,276,1,384,
2021/07/28,2021/07/28,12:14,276,2,385,
2021/07/28,2021/07/28,12:19,277,1,353,
2021/07/28,2021/07/28,12:19,277,2,355,
2021/07/28,2021/07/28,12:23,278,1,358,
2021/07/28,2021/07/28,12:23,278,2,359,
2021/07/28,2021/07/28,12:23,278,3,370,
2021/07/28,2021/07/28,12:30,279,1,356,
2021/07/28,2021/07/28,12:30,279,2,354,
2021/07/28,2021/07/28,12:30,279,3,348,
2021/07/28,2021/07/28,12:37,280,1,354,
2021/07/28,2021/07/28,12:37,280,2,342,
2021/07/28,2021/07/28,12:37,280,3,347,
2021/07/28,2021/07/28,12:43,281,1,380,
2021/07/28,2021/07/28,12:43,281,2,379,
2021/07/28,2021/07/28,12:43,281,3,390,
2021/07/28,2021/07/28,12:48,282,1,352,
2021/07/28,2021/07/28,12:48,282,2,359,
2021/07/28,2021/07/28,12:54,285,1,400,
2021/07/28,2021/07/28,12:54,285,2,390,
2021/07/28,2021/07/28,1:00,286,1,348,
2021/07/28,2021/07/28,1:00,286,2,346,
2021/07/28,2021/07/28,1:00,286,3,347,
2021/07/28,2021/07/28,1:07,287,1,363,
2021/07/28,2021/07/28,1:01,287,2,360,
2021/07/28,2021/07/28,1:34,288,1,384,
2021/07/28,2021/07/28,1:34,288,2,374,
2021/07/28,2021/07/28,1:40,289,1,338,
2021/07/28,2021/07/28,1:40,289,2,338,
2021/07/28,2021/07/28,1:45,290,1,334,
2021/07/28,2021/07/28,1:45,290,2,332,
2021/07/28,2021/07/28,1:49,291,1,376,
2021/07/28,2021/07/28,1:49,291,2,375,
2021/07/28,2021/07/28,1:55,292,1,342,
2021/07/28,2021/07/28,1:55,292,2,336,
2021/07/28,2021/07/28,1:55,292,3,338,
2021/07/28,2021/07/28,2:02,293,1,320,
2021/07/28,2021/07/28,2:02,293,2,319,
2021/07/30,2021/07/30,10:20,259,1,387,
2021/07/30,2021/07/30,10:20,259,2,377,
2021/07/30,2021/07/30,10:20,259,3,376,
2021/07/30,2021/07/30,11:25,260,1,424,
2021/07/30,2021/07/30,11:25,260,2,418,
2021/07/30,2021/07/30,11:25,260,3,417,
2021/07/30,2021/07/30,10:41,261,1,346,
2021/07/30,2021/07/30,10:41,261,2,347,
2021/07/30,2021/07/30,10:41,261,3,353,
2021/07/30,2021/07/30,10:27,262,1,328,
2021/07/30,2021/07/30,10:27,262,2,331,
2021/07/30,2021/07/30,10:27,262,3,329,
2021/07/30,2021/07/30,10:34,263,1,366,
2021/07/30,2021/07/30,10:34,263,2,362,
2021/07/30,2021/07/30,10:34,263,3,356,
2021/07/30,2021/07/30,11:06,264,1,362,
2021/07/30,2021/07/30,11:06,264,2,338,
2021/07/30,2021/07/30,11:06,264,3,390,
2021/07/30,2021/07/30,11:15,265,1,428,
2021/07/30,2021/07/30,11:15,265,2,425,
2021/07/30,2021/07/30,11:15,265,3,423,osmom started being weird
2021/07/30,2021/07/30,14:49,266,1,356,
2021/07/30,2021/07/30,14:49,266,2,354,
2021/07/30,2021/07/30,14:54,267,1,340,
2021/07/30,2021/07/30,14:54,267,2,356,
2021/07/30,2021/07/30,14:54,267,3,346,
2021/07/30,2021/07/30,15:01,268,1,357,
2021/07/30,2021/07/30,15:01,268,2,352,
2021/07/30,2021/07/30,15:01,268,3,361,
2021/07/30,2021/07/30,15:09,269,1,383,
2021/07/30,2021/07/30,15:09,269,2,387,
2021/07/30,2021/07/30,15:09,269,3,384,
2021/07/30,2021/07/30,15:17,270,1,359,
2021/07/30,2021/07/30,15:17,270,2,357,
2021/07/30,2021/07/30,15:17,270,3,336,
2021/07/30,2021/07/30,15:24,271,1,391,
2021/07/30,2021/07/30,15:24,271,2,394,
2021/07/30,2021/07/30,15:24,271,3,393,
2021/07/30,2021/07/30,15:34,272,1,370,
2021/07/30,2021/07/30,15:34,272,2,368,
2021/07/30,2021/07/30,15:34,272,3,364,
2021/07/30,2021/07/30,15:43,273,1,389,
2021/07/30,2021/07/30,15:43,273,2,383,
2021/07/30,2021/07/30,15:43,273,3,388,
2021/07/30,2021/07/30,15:50,274,1,420,
2021/07/30,2021/07/30,15:50,274,2,417,
2021/07/30,2021/07/30,15:56,275,1,415,
2021/07/30,2021/07/30,15:56,275,2,408,
2021/07/30,2021/07/30,15:56,275,3,404,
2021/07/30,2021/07/30,16:03,276,1,390,
2021/07/30,2021/07/30,16:03,276,2,386,
2021/07/30,2021/07/30,16:03,276,3,389,
2021/07/30,2021/07/30,16:10,277,1,376,
2021/07/30,2021/07/30,16:10,277,2,379,
2021/07/30,2021/07/30,16:10,277,3,370,
2021/07/30,2021/07/30,16:14,278,1,376,
2021/07/30,2021/07/30,16:14,278,2,378,
2021/07/30,2021/07/30,16:14,278,3,369,
2021/07/30,2021/07/30,16:26,279,1,349,
2021/07/30,2021/07/30,16:26,279,2,353,
2021/07/30,2021/07/30,16:26,279,3,349,
2021/07/30,2021/07/30,16:36,280,1,360,
2021/07/30,2021/07/30,16:36,280,2,366,
2021/07/30,2021/07/30,16:39,281,1,405,
2021/07/30,2021/07/30,16:39,281,2,405,
2021/07/30,2021/07/30,16:39,281,3,408,
2021/07/30,2021/07/30,16:45,282,1,366,
2021/07/30,2021/07/30,16:45,282,2,363,
2021/07/30,2021/07/30,16:45,282,3,360,
2021/07/30,2021/07/30,16:52,285,1,350,
2021/07/30,2021/07/30,16:52,285,2,351,
2021/07/30,2021/07/30,16:52,285,3,348,
2021/07/30,2021/07/30,16:59,286,1,368,
2021/07/30,2021/07/30,16:59,286,2,373,
2021/07/30,2021/07/30,17:04,287,1,391,
2021/07/30,2021/07/30,17:04,287,2,391,
2021/07/30,2021/07/30,17:09,288,1,366,
2021/07/30,2021/07/30,17:09,288,2,366,
2021/07/30,2021/07/30,17:09,288,3,369,
2021/07/30,2021/07/31,13:41,289,1,355,
2021/07/30,2021/07/31,13:41,289,2,359,
2021/07/30,2021/07/31,13:41,289,3,361,
2021/07/30,2021/07/31,13:48,290,1,375,
2021/07/30,2021/07/31,13:48,290,2,381,
2021/07/30,2021/07/31,13:48,290,3,364,
2021/07/30,2021/07/31,13:55,291,1,417,
2021/07/30,2021/07/31,14:00,292,1,378,
2021/07/30,2021/07/31,14:00,292,1,377,
2021/07/30,2021/07/31,14:00,292,2,384,
2021/07/30,2021/07/31,14:10,293,1,369,
2021/07/30,2021/07/31,14:10,293,2,385,
2021/07/30,2021/07/31,14:10,293,3,377,
2021/08/08,2021/08/08,14:17,294,1,366,
2021/08/08,2021/08/08,14:17,294,2,354,
2021/08/08,2021/08/08,14:17,294,3,368,
2021/08/08,2021/08/08,14:25,295,1,379,
2021/08/08,2021/08/08,14:25,295,2,377,
2021/08/08,2021/08/08,14:25,295,3,372,
2021/08/08,2021/08/08,14:38,296,1,358,
2021/08/08,2021/08/08,14:38,296,2,358,
2021/08/08,2021/08/08,14:38,296,3,366,
2021/08/08,2021/08/08,14:46,297,1,365,
2021/08/08,2021/08/08,14:46,297,2,379,
2021/08/08,2021/08/08,14:46,297,3,369,
2021/08/08,2021/08/08,14:51,298,1,341,
2021/08/08,2021/08/08,14:51,298,2,342,
2021/08/08,2021/08/08,14:51,298,3,343,
2021/08/08,2021/08/08,14:58,299,1,379,
2021/08/08,2021/08/08,14:58,299,2,375,
2021/08/08,2021/08/08,15:04,300,1,349,
2021/08/08,2021/08/08,15:04,300,2,348,
2021/08/08,2021/08/08,15:04,300,3,369,
2021/08/08,2021/08/08,15:10,301,1,358,
2021/08/08,2021/08/08,15:10,301,2,351,
2021/08/08,2021/08/08,15:10,301,3,344,
2021/08/08,2021/08/08,15:15,302,1,342,
2021/08/08,2021/08/08,15:15,302,2,339,
2021/08/08,2021/08/08,15:15,302,3,344,
2021/08/08,2021/08/08,15:23,303,1,363,
2021/08/08,2021/08/08,15:23,303,2,349,
2021/08/08,2021/08/08,15:23,303,3,352,
2021/08/08,2021/08/08,15:30,304,1,361,
2021/08/08,2021/08/08,15:30,304,2,359,
2021/08/08,2021/08/08,15:34,305,1,373,
2021/08/08,2021/08/08,15:34,305,2,364,
2021/08/08,2021/08/08,15:41,306,1,356,
2021/08/08,2021/08/08,15:41,306,2,369,
2021/08/08,2021/08/08,15:46,307,1,364,
2021/08/08,2021/08/08,15:46,307,2,359,
2021/08/08,2021/08/08,15:51,308,1,372,
2021/08/08,2021/08/08,15:51,308,2,370,
2021/08/08,2021/08/08,15:51,308,3,369,
2021/08/08,2021/08/08,15:58,309,1,403,
2021/08/08,2021/08/08,15:58,309,2,372,
2021/08/08,2021/08/08,16:01,310,1,355,
2021/08/08,2021/08/08,16:01,310,2,348,
2021/08/08,2021/08/08,16:01,310,3,354,
2021/08/08,2021/08/08,16:08,311,1,349,
2021/08/08,2021/08/08,16:08,311,2,352,
2021/08/08,2021/08/08,16:08,311,3,360,
2021/08/08,2021/08/08,16:14,312,1,327,
2021/08/08,2021/08/08,16:14,312,2,324,
2021/08/08,2021/08/08,16:14,312,3,327,
2021/08/08,2021/08/08,16:21,313,1,347,
2021/08/08,2021/08/08,16:21,313,2,347,
2021/08/08,2021/08/08,16:21,313,3,360,
2021/08/08,2021/08/08,16:28,314,1,374,
2021/08/08,2021/08/08,16:28,314,2,362,
2021/08/08,2021/08/08,16:28,314,3,370,
2021/08/08,2021/08/08,16:35,315,1,363,
2021/08/08,2021/08/08,16:35,315,2,362,
2021/08/08,2021/08/08,16:35,315,3,379,
2021/08/08,2021/08/08,16:42,316,1,350,
2021/08/08,2021/08/08,16:42,316,2,344,
2021/08/08,2021/08/08,16:47,317,1,376,
2021/08/08,2021/08/08,16:47,317,2,374,
2021/08/08,2021/08/08,16:47,317,3,384,
2021/08/08,2021/08/08,16:54,318,1,350,
2021/08/08,2021/08/08,16:54,318,2,338,
2021/08/08,2021/08/08,16:54,318,3,343,
2021/08/08,2021/08/08,17:02,319,1,363,
2021/08/08,2021/08/08,17:02,319,2,359,
2021/08/08,2021/08/08,17:02,319,3,357,
2021/08/08,2021/08/08,17:10,320,1,359,
2021/08/08,2021/08/08,17:10,320,2,356,
2021/08/08,2021/08/08,17:10,320,3,357,
2021/08/08,2021/08/08,17:19,321,1,357,
2021/08/08,2021/08/08,17:19,321,2,359,
2021/08/08,2021/08/08,17:19,321,3,360,
2021/08/12,2021/08/12,11:36,294,1,349,
2021/08/12,2021/08/12,11:36,294,2,349,
2021/08/12,2021/08/12,11:36,294,3,352,
2021/08/12,2021/08/12,11:44,295,1,374,
2021/08/12,2021/08/12,11:44,295,2,368,
2021/08/12,2021/08/12,11:44,295,3,402,
2021/08/12,2021/08/12,11:50,296,1,357,
2021/08/12,2021/08/12,11:50,296,2,361,
2021/08/12,2021/08/12,11:50,296,3,367,
2021/08/12,2021/08/12,11:58,297,1,342,
2021/08/12,2021/08/12,11:58,297,2,345,
2021/08/12,2021/08/12,12:05,298,1,347,
2021/08/12,2021/08/12,12:05,298,2,350,
2021/08/12,2021/08/12,12:05,298,3,344,
2021/08/12,2021/08/12,12:11,299,1,373,
2021/08/12,2021/08/12,12:11,299,2,362,
2021/08/12,2021/08/12,12:16,300,1,367,
2021/08/12,2021/08/12,12:16,300,2,364,
2021/08/12,2021/08/12,12:16,300,3,364,
2021/08/12,2021/08/12,12:23,301,1,388,
2021/08/12,2021/08/12,12:23,301,2,379,
2021/08/12,2021/08/12,12:23,301,3,396,
2021/08/12,2021/08/12,12:31,302,1,381,
2021/08/12,2021/08/12,12:31,302,2,375,
2021/08/12,2021/08/12,12:31,302,3,388,
2021/08/12,2021/08/12,12:38,303,1,382,
2021/08/12,2021/08/12,12:38,303,2,360,
2021/08/12,2021/08/12,12:38,303,3,372,
2021/08/12,2021/08/12,12:45,304,1,381,
2021/08/12,2021/08/12,12:48,305,1,386,
2021/08/12,2021/08/12,12:48,305,2,381,
2021/08/12,2021/08/12,12:48,305,3,397,
2021/08/12,2021/08/12,12:56,306,1,380,
2021/08/12,2021/08/12,12:56,306,2,377,
2021/08/12,2021/08/12,12:56,306,3,374,
2021/08/12,2021/08/12,13:04,307,1,369,
2021/08/12,2021/08/12,13:04,307,2,391,
2021/08/12,2021/08/12,13:04,307,3,361,
2021/08/12,2021/08/12,13:11,308,1,384,
2021/08/12,2021/08/12,13:11,308,2,394,
2021/08/12,2021/08/12,13:11,308,3,408,
2021/08/12,2021/08/12,13:18,309,1,402,
2021/08/12,2021/08/12,13:18,309,2,387,
2021/08/12,2021/08/12,13:18,309,3,384,
2021/08/12,2021/08/12,20:05,310,1,341,
2021/08/12,2021/08/12,20:05,310,2,340,
2021/08/12,2021/08/12,20:05,310,3,346,
2021/08/12,2021/08/12,20:12,311,1,356,
2021/08/12,2021/08/12,20:12,311,2,363,
2021/08/12,2021/08/12,20:12,311,3,359,
2021/08/12,2021/08/12,20:19,312,1,352,
2021/08/12,2021/08/12,20:19,312,2,349,
2021/08/12,2021/08/12,20:24,313,1,360,
2021/08/12,2021/08/12,20:24,313,2,361,
2021/08/12,2021/08/12,20:24,313,3,353,
2021/08/12,2021/08/12,20:31,314,1,369,
2021/08/12,2021/08/12,20:31,314,2,373,
2021/08/12,2021/08/12,20:31,314,3,374,
2021/08/12,2021/08/12,20:38,315,1,365,
2021/08/12,2021/08/12,20:38,315,2,367,
2021/08/12,2021/08/12,20:38,315,3,363,
2021/08/12,2021/08/12,20:45,316,1,367,
2021/08/12,2021/08/12,20:45,316,2,378,
2021/08/12,2021/08/12,20:45,316,3,370,
2021/08/12,2021/08/12,20:52,317,1,372,
2021/08/12,2021/08/12,20:52,317,2,376,
2021/08/12,2021/08/12,20:52,317,3,381,
2021/08/12,2021/08/12,21:02,318,1,398,
2021/08/12,2021/08/12,21:02,318,2,401,
2021/08/12,2021/08/12,21:02,318,3,405,
2021/08/12,2021/08/12,21:09,319,1,389,
2021/08/12,2021/08/12,21:09,319,2,386,
2021/08/12,2021/08/12,21:15,320,1,378,
2021/08/12,2021/08/12,21:15,320,2,383,
2021/08/12,2021/08/12,21:15,320,3,385,
2021/08/12,2021/08/12,21:22,321,1,397,
2021/08/12,2021/08/12,21:22,321,2,402,
2021/08/12,2021/08/12,21:22,321,3,409,
2021/08/16,2021/08/16,,294,1,336,
2021/08/16,2021/08/16,,294,2,338,
2021/08/16,2021/08/16,,294,3,346,
2021/08/16,2021/08/16,,295,1,349,
2021/08/16,2021/08/16,,295,2,362,
2021/08/16,2021/08/16,,295,3,351,
2021/08/16,2021/08/16,,296,1,343,
2021/08/16,2021/08/16,,296,2,347,
2021/08/16,2021/08/16,,296,3,341,
2021/08/16,2021/08/16,,297,1,334,
2021/08/16,2021/08/16,,297,2,327,
2021/08/16,2021/08/16,,297,3,340,
2021/08/16,2021/08/16,,298,1,326,
2021/08/16,2021/08/16,,298,2,333,
2021/08/16,2021/08/16,,298,3,338,
2021/08/16,2021/08/16,,299,1,348,
2021/08/16,2021/08/16,,299,2,340,
2021/08/16,2021/08/16,,299,3,337,
2021/08/16,2021/08/16,,300,1,345,
2021/08/16,2021/08/16,,300,2,340,
2021/08/16,2021/08/16,,300,3,345,
2021/08/16,2021/08/16,,301,1,339,
2021/08/16,2021/08/16,,301,2,350,
2021/08/16,2021/08/16,,301,3,354,
2021/08/16,2021/08/16,,302,1,344,
2021/08/16,2021/08/16,,302,2,347,
2021/08/16,2021/08/16,,302,3,354,
2021/08/16,2021/08/16,,303,1,352,
2021/08/16,2021/08/16,,303,2,357,
2021/08/16,2021/08/16,,303,3,347,
2021/08/16,2021/08/16,12:32,304,1,324,
2021/08/16,2021/08/16,12:32,304,2,332,
2021/08/16,2021/08/16,12:32,304,3,331,
2021/08/16,2021/08/16,12:40,305,1,327,
2021/08/16,2021/08/16,12:40,305,2,339,
2021/08/16,2021/08/16,12:40,305,3,332,
2021/08/16,2021/08/16,12:50,306,1,342,
2021/08/16,2021/08/16,12:50,306,2,338,
2021/08/16,2021/08/16,12:50,306,3,345,
2021/08/16,2021/08/16,13:03,307,1,333,
2021/08/16,2021/08/16,13:03,307,2,355,
2021/08/16,2021/08/16,13:03,307,3,371,
2021/08/16,2021/08/16,13:40,308,1,353,
2021/08/16,2021/08/16,13:40,308,2,344,
2021/08/16,2021/08/16,13:40,308,3,350,
2021/08/16,2021/08/16,13:38,309,1,352,
2021/08/16,2021/08/16,13:38,309,2,354,
2021/08/16,2021/08/16,13:38,309,3,349,
2021/08/16,2021/08/16,13:55,310,1,320,
2021/08/16,2021/08/16,13:55,310,2,321,
2021/08/16,2021/08/16,13:55,310,3,321,
2021/08/16,2021/08/16,14:00,311,1,329,
2021/08/16,2021/08/16,14:00,311,2,329,
2021/08/16,2021/08/16,14:00,311,3,335,
2021/08/16,2021/08/16,14:10,312,1,317,
2021/08/16,2021/08/16,14:10,312,2,336,
2021/08/16,2021/08/16,14:10,312,3,327,
2021/08/16,2021/08/16,14:19,313,1,339,
2021/08/16,2021/08/16,14:19,313,2,348,
2021/08/16,2021/08/16,14:19,313,3,339,
2021/08/16,2021/08/16,,314,1,349,
2021/08/16,2021/08/16,,314,2,342,
2021/08/16,2021/08/16,,314,3,343,
2021/08/16,2021/08/16,,315,1,341,
2021/08/16,2021/08/16,,315,2,341,
2021/08/16,2021/08/16,,315,3,342,
2021/08/16,2021/08/16,,316,1,316,
2021/08/16,2021/08/16,,316,2,319,
2021/08/16,2021/08/16,,316,3,329,
2021/08/16,2021/08/16,,317,1,339,
2021/08/16,2021/08/16,,317,2,338,
2021/08/16,2021/08/16,,317,3,332,
2021/08/16,2021/08/16,,318,1,327,
2021/08/16,2021/08/16,,318,2,328,
2021/08/16,2021/08/16,,319,1,330,
2021/08/16,2021/08/16,,319,2,322,
2021/08/16,2021/08/16,,319,3,322,
2021/08/16,2021/08/16,,320,1,310,
2021/08/16,2021/08/16,,320,2,307,
2021/08/16,2021/08/16,,321,1,333,
2021/08/16,2021/08/16,,321,2,330,
2021/08/18,2021/08/18,11:14,294,1,400,
2021/08/18,2021/08/18,11:14,294,2,382,
2021/08/18,2021/08/18,11:14,294,3,376,
2021/08/18,2021/08/18,11:22,295,1,366,
2021/08/18,2021/08/18,11:22,295,2,365,
2021/08/18,2021/08/18,11:22,295,3,373,
2021/08/18,2021/08/18,11:29,296,1,364,
2021/08/18,2021/08/18,11:29,296,2,362,
2021/08/18,2021/08/18,11:29,296,3,369,
2021/08/18,2021/08/18,11:37,297,1,349,
2021/08/18,2021/08/18,11:37,297,2,363,
2021/08/18,2021/08/18,11:37,297,3,374,
2021/08/18,2021/08/18,11:44,298,1,349,
2021/08/18,2021/08/18,11:44,298,2,351,
2021/08/18,2021/08/18,11:44,298,3,354,
2021/08/18,2021/08/18,11:50,299,1,360,
2021/08/18,2021/08/18,11:50,299,2,365,
2021/08/18,2021/08/18,11:50,299,3,368,
2021/08/18,2021/08/18,11:57,300,1,363,
2021/08/18,2021/08/18,11:57,300,2,372,
2021/08/18,2021/08/18,11:57,300,3,371,
2021/08/18,2021/08/18,12:03,301,1,354,
2021/08/18,2021/08/18,12:03,301,2,364,
2021/08/18,2021/08/18,12:03,301,3,355,
2021/08/18,2021/08/18,12:32,302,1,366,
2021/08/18,2021/08/18,12:32,302,2,351,
2021/08/18,2021/08/18,12:50,303,1,367,
2021/08/18,2021/08/18,12:50,303,2,345,
2021/08/18,2021/08/18,12:50,303,3,338,
2021/08/18,2021/08/18,14:05,305,1,336,
2021/08/18,2021/08/18,14:05,305,2,324,
2021/08/18,2021/08/18,14:05,305,3,330,
2021/08/18,2021/08/18,14:17,306,1,328,
2021/08/18,2021/08/18,14:17,306,2,314,
2021/08/18,2021/08/18,14:17,306,3,320,
2021/08/18,2021/08/18,14:24,307,1,331,
2021/08/18,2021/08/18,14:24,307,2,316,
2021/08/18,2021/08/18,14:24,307,3,335,
2021/08/18,2021/08/18,14:30,308,1,329,
2021/08/18,2021/08/18,14:30,308,2,340,
2021/08/18,2021/08/18,14:30,308,3,336,
2021/08/18,2021/08/18,14:37,309,1,338,
2021/08/18,2021/08/18,14:37,309,2,328,
2021/08/18,2021/08/18,14:37,309,3,338,
2021/08/18,2021/08/18,14:43,310,1,315,
2021/08/18,2021/08/18,14:43,310,2,311,
2021/08/18,2021/08/18,14:43,310,3,306,
2021/08/18,2021/08/18,14:52,311,1,317,
2021/08/18,2021/08/18,14:52,311,2,325,
2021/08/18,2021/08/18,14:52,311,3,331,
2021/08/18,2021/08/18,14:57,312,1,311,
2021/08/18,2021/08/18,14:57,312,2,309,
2021/08/18,2021/08/18,14:57,312,3,314,
2021/08/18,2021/08/18,15:03,313,1,317,
2021/08/18,2021/08/18,15:03,313,2,308,
2021/08/18,2021/08/18,15:10,314,1,323,
2021/08/18,2021/08/18,15:10,314,2,326,
2021/08/18,2021/08/18,15:15,315,1,326,
2021/08/18,2021/08/18,15:15,315,2,319,
2021/08/18,2021/08/18,15:15,315,3,311,
2021/08/18,2021/08/18,15:20,316,1,311,
2021/08/18,2021/08/18,15:20,316,2,310,
2021/08/18,2021/08/18,15:20,316,3,307,
2021/08/18,2021/08/18,15:27,317,1,336,
2021/08/18,2021/08/18,15:27,317,2,332,
2021/08/18,2021/08/18,15:27,317,3,351,
2021/08/18,2021/08/18,15:35,318,1,325,
2021/08/18,2021/08/18,15:35,318,2,367,
2021/08/18,2021/08/18,15:35,318,3,374,
2021/08/18,2021/08/18,15:42,319,1,339,
2021/08/18,2021/08/18,15:42,319,2,313,
2021/08/18,2021/08/18,15:42,319,3,327,
2021/08/18,2021/08/18,15:50,320,1,312,
2021/08/18,2021/08/18,15:50,320,2,305,
2021/08/18,2021/08/18,15:50,320,3,310,
2021/08/18,2021/08/18,15:57,321,1,303,
2021/08/18,2021/08/18,15:57,321,2,309,
2021/08/18,2021/08/18,15:57,321,3,312,